stadium_id,name,aliases,city,state,country,lat,lon,elevation_m,timezone,orientation_deg,orientation_bucket,orientation_src,roof_type,surface,capacity,year_built,avg_wind_static,wind_vol_static,wind_impact_static,weakest_wind_effect,avg_wind_sep,avg_wind_oct,avg_wind_nov,avg_wind_dec,avg_wind_jan,avg_temp_f,wikidata_qid,osm_way_id,cfbd_venue_id,espn_venue_id,nflverse_stadium_id,needs_review,elev_src,latlon_src,review_note
state-farm-stadium,State Farm Stadium,,Glendale,AZ,US,33.527801,-112.262684,328.7,America/Phoenix,147,NW-SE,osm_stadium_mrr,retractable,grass,63400,2006,,,,,5.18,4.79,4.37,3.87,4.3,75.01,Q756433,relation/7370103,,,PHO00,0,epqs,osm_stadium_mrr,
mercedes-benz-stadium,Mercedes-Benz Stadium,,Atlanta,GA,US,33.755415,-84.400848,310.1,America/New_York,68.6,E-W,osm_stadium_mrr,retractable,fieldturf,71000,2017,,,,,6.09,7.06,7.57,7.96,8.64,62.4,Q1058931,way/536744534,,,ATL97,0,epqs,osm_stadium_mrr,
mt-bank-stadium,M&T Bank Stadium,,Baltimore,MD,US,39.277971,-76.622703,2.9,America/New_York,110.1,E-W,osm_pitch,open,grass,71008,1998,9.41,mid,low,all,6.74,7.4,7.66,7.3,8.43,57.04,Q1141336,way/172620322,,,BAL00,0,epqs,osm_pitch,
highmark-stadium,Highmark Stadium,New Era Field|Bills Stadium|Ralph Wilson Stadium,Orchard Park,NY,US,42.773045,-78.792195,219.4,America/New_York,169.4,N-S,osm_stadium_mrr,open,a_turf,71608,1973,8.5,high,med,all,7.57,9.32,10.64,10.68,10.75,50.37,Q1475645,way/1339149058,,,BUF00,0,epqs,osm_stadium_mrr,
bank-of-america-stadium,Bank of America Stadium,,Charlotte,NC,US,35.225833,-80.852844,215.8,America/New_York,139.9,NW-SE,osm_pitch,open,grass,73778,1996,6.13,mid,med,all,6.14,6.32,6.57,6.79,7.32,61.66,Q806673,way/187011790,,,CAR00,0,epqs,osm_pitch,
soldier-field,Soldier Field,,Chicago,IL,US,41.862321,-87.616705,178.5,America/Chicago,175.8,N-S,osm_pitch,open,grass,63500,1924,13.02,very high,med,E/W,9.65,11.36,11.51,10.99,11.28,51.08,Q1132413,way/91535224,,,CHI98,0,epqs,osm_pitch,
paycor-stadium,Paycor Stadium,Paul Brown Stadium,Cincinnati,OH,US,39.095425,-84.516082,146.4,America/New_York,141,NW-SE,osm_pitch,open,fieldturf,65515,2000,6.98,low,med,"S/E,N/W",5.6,6.88,7.25,7.44,7.78,56.3,Q1632294,way/32946979,,,CIN00,0,epqs,osm_pitch,
huntington-bank-field,Huntington Bank Field,FirstEnergy Stadium|Cleveland Browns Stadium,Cleveland,OH,US,41.506028,-81.699577,177.8,America/New_York,55.9,NE-SW,osm_pitch,open,grass,71516,1999,11.73,high,low,all,8.56,10.8,12.01,11.78,11.97,52.55,Q1100756,way/172658198,,,CLE00,0,epqs,osm_pitch,
att-stadium,AT&T Stadium,,Arlington,TX,US,32.74784,-97.092836,172.8,America/Chicago,68.8,E-W,osm_pitch,retractable,matrixturf,80000,2009,,,,,7.12,8.84,8.72,8.59,9.26,67.49,Q838284,way/126705643,,,DAL00,0,epqs,osm_pitch,
empower-field-at-mile-high,Empower Field at Mile High,,Denver,CO,US,39.743942,-105.020107,1583.5,America/Denver,0.2,N-S,osm_pitch,open,grass,76125,2001,8.37,high,low,x N,5.05,5.37,5.24,5.17,5.41,50.26,Q1046135,way/72605220,,,DEN00,0,epqs,osm_pitch,
ford-field,Ford Field,,Detroit,MI,US,42.339968,-83.045648,183.9,America/Detroit,63.8,NE-SW,osm_stadium_mrr,dome,fieldturf,65000,2002,0,,,,,,,,,50.96,Q1142586,way/110555613,,,DET00,0,epqs,osm_stadium_mrr,
lambeau-field,Lambeau Field,,Green Bay,WI,US,44.501333,-88.06222,188.9,America/Chicago,179.8,N-S,osm_pitch,open,grass,80750,1957,12.55,high,med,all,7.56,8.67,8.79,8.36,7.95,47.43,Q860790,way/145797338,,,GNB00,0,epqs,osm_pitch,
nrg-stadium,NRG Stadium,Reliant Stadium,Houston,TX,US,29.684857,-95.410802,15.2,America/Chicago,179.3,N-S,osm_stadium_mrr,retractable,astroturf,72220,2002,,,,,6.16,7.54,7.75,8.16,8.71,70.25,Q1058864,way/119422708,,,HOU00,0,epqs,osm_stadium_mrr,
lucas-oil-stadium,Lucas Oil Stadium,,Indianapolis,IN,US,39.760072,-86.163808,216.2,America/Indiana/Indianapolis,25.7,NE-SW,osm_stadium_mrr,retractable,fieldturf,62421,2008,0,mid,,,6.31,7.81,8.01,8.09,8.36,54.31,Q867160,way/27258709,,,IND00,0,epqs,osm_stadium_mrr,
everbank-stadium,EverBank Stadium,TIAA Bank Field|TIAA Bank Stadium|Tottenham Hotspur Stadium,Jacksonville,FL,US,30.32391,-81.63734,1.4,America/New_York,15.8,N-S,osm_pitch,open,grass,67246,1995,7.15,high,med,all,6.69,7.53,7.57,7.38,7.85,69.97,Q635117,way/172665883,,,JAX00,0,epqs,osm_pitch,
geha-field-at-arrowhead-stadium,GEHA Field at Arrowhead Stadium,Arrowhead Stadium,Kansas City,MO,US,39.04893,-94.483999,270.1,America/Chicago,137,NW-SE,osm_pitch,open,grass,76416,1972,10.48,mid,med,E/W,7.04,8.24,8.21,8.18,8.01,56.33,Q544553,way/65960009,,,KAN00,0,epqs,osm_pitch,
sofi-stadium,SoFi Stadium,,Inglewood,CA,US,33.953402,-118.339005,36.7,America/Los_Angeles,152.9,NW-SE,osm_stadium_mrr,dome,matrixturf,70240,2020,0,mid,,,,,,,,61.89,Q19520501,way/860635712,,,LAX01,0,epqs,osm_stadium_mrr,
allegiant-stadium,Allegiant Stadium,,Las Vegas,NV,US,36.090733,-115.183332,664.7,America/Los_Angeles,17.7,N-S,osm_stadium_mrr,dome,grass,65000,2020,0,,,,,,,,,70.02,Q27768421,way/691478555,6501,,VEG00,0,epqs,osm_stadium_mrr,
hard-rock-stadium,Hard Rock Stadium,,Miami Gardens,FL,US,25.957921,-80.238837,2.6,America/New_York,121.5,NW-SE,osm_stadium_mrr,open,grass,65326,1987,11.49,high,low,all,5.5,7.48,7.45,7.48,8.04,75.59,Q864339,way/171419981,3948,,MIA00,0,epqs,osm_stadium_mrr,
us-bank-stadium,U.S. Bank Stadium,,Minneapolis,MN,US,44.973596,-93.25752,255.7,America/Chicago,131.1,NW-SE,osm_stadium_mrr,dome,sportturf,70000,2016,0,mid,,,,,,,,46.12,Q7929512,way/743461508,,,MIN01,0,epqs,osm_stadium_mrr,
gillette-stadium,Gillette Stadium,,Foxborough,MA,US,42.090926,-71.264354,79.4,America/New_York,162.4,N-S,osm_pitch,open,fieldturf,68756,2002,6.23,high,med,x S,6.79,7.41,7.97,7.84,8.36,51.74,Q373355,way/129176835,,,BOS00,0,epqs,osm_pitch,
caesars-superdome,Caesars Superdome,Mercedes-Benz Superdome|Superdome,New Orleans,LA,US,29.951052,-90.081088,0.5,America/Chicago,22.6,NE-SW,osm_stadium_mrr,dome,sportturf,73000,1975,0,,,,,,,,,70.3,Q756452,relation/4598860,,,NOR00,0,epqs,osm_stadium_mrr,
metlife-stadium,MetLife Stadium,,East Rutherford,NJ,US,40.813523,-74.074348,1.9,America/New_York,167.9,N-S,osm_stadium_mrr,open,fieldturf,82500,2010,7.54,high,low,all,7.1,7.93,8.15,7.95,8.89,54.96,Q10862290,way/24221553,,,NYC01,0,epqs,osm_stadium_mrr,
lincoln-financial-field,Lincoln Financial Field,,Philadelphia,PA,US,39.900799,-75.167459,3.3,America/New_York,171.3,N-S,osm_pitch,open,grass,68532,2003,7.81,mid,low,E/W,6.4,7.11,7.44,7.15,8.02,56.61,Q1052370,way/708050530,3806,,PHI00,0,epqs,osm_pitch,
acrisure-stadium,Acrisure Stadium,Heinz Field,Pittsburgh,PA,US,40.446792,-80.015768,220.7,America/New_York,154.5,NW-SE,osm_pitch,open,grass,65500,2001,5.27,mid,med,x N/W,5.6,6.64,7.24,7.27,7.66,54.03,Q1067148,way/172659571,,,PIT00,0,epqs,osm_pitch,
lumen-field,Lumen Field,CenturyLink Field,Seattle,WA,US,47.595159,-122.331629,5.5,America/Los_Angeles,0,N-S,osm_pitch,open,fieldturf,67000,2002,4.58,high,low,E/W,6.34,6.95,7.7,7.56,7.27,52.12,Q612736,way/163840038,,,SEA00,0,epqs,osm_pitch,
levis-stadium,Levi's Stadium,,Santa Clara,CA,US,37.403179,-121.969804,4,America/Los_Angeles,152,NW-SE,osm_pitch,open,grass,68500,2014,8.05,low,low,E/W,5.42,4.85,4.24,4.47,4.87,59.94,Q7419343,way/357300430,,,SFO01,0,epqs,osm_pitch,
raymond-james-stadium,Raymond James Stadium,,Tampa,FL,US,27.975967,-82.503353,11.1,America/New_York,179.7,N-S,osm_pitch,open,grass,65890,1998,9.23,very high,low,E/W,6.55,8.34,8.14,8.01,8.61,72.89,Q1141343,way/172698720,3886,,TAM00,0,epqs,osm_pitch,
nissan-stadium,Nissan Stadium,,Nashville,TN,US,36.166467,-86.771284,121.1,America/Chicago,155.6,NW-SE,osm_pitch,open,grass,67700,1999,7.58,mid,med,E/W,4.8,5.96,6.32,6.9,7.07,60.22,Q1142992,way/172668023,3810,,NAS00,0,epqs,osm_pitch,
northwest-stadium,Northwest Stadium,FedExField|FedEx Field|Commanders Field,Landover,MD,US,38.90767,-76.864496,59.7,America/New_York,119.2,NW-SE,osm_pitch,open,grass,64000,1997,9.08,mid,low,all,6.0,6.72,7.2,6.88,7.79,57.08,Q583085,way/612644655,,,WAS00,0,epqs,osm_pitch,
wembley-stadium,Wembley Stadium,,London,,GB,51.556038,-0.2796,46,Europe/London,96.8,E-W,osm_stadium_mrr,open,grass,90000,2007,,,,,8.15,8.83,9.17,9.91,9.65,52.06,Q128468,relation/12942436,,,LON00,0,openmeteo,osm_stadium_mrr,
tottenham-hotspur-stadium,Tottenham Hotspur Stadium,,London,,GB,51.604177,-0.066238,13,Europe/London,179.4,N-S,osm_stadium_mrr,open,grass,62850,2019,,,,,8.26,9.03,9.38,10.15,9.88,52.26,Q55074091,way/538300255,,,LON02,0,openmeteo,osm_stadium_mrr,
melbourne-cricket-ground,Melbourne Cricket Ground,,Melbourne,VIC,AU,-37.819832,144.983368,13,Australia/Melbourne,132.2,NW-SE,osm_stadium_mrr,open,matrixturf,100024,1853,,,,,9.42,9.3,8.86,8.87,8.69,58.66,Q330136,way/210337258,,,MEL00,0,openmeteo,osm_stadium_mrr,
estadio-banorte,Estadio Banorte,Estadio Azteca,Mexico City,,MX,19.302934,-99.150474,2200,America/Mexico_City,6.5,N-S,osm_stadium_mrr,open,grass,83264,1966,,,,,3.89,4.57,4.12,3.98,4.51,61.51,Q320454,way/4758704,,,MEX00,0,openmeteo,osm_stadium_mrr,
allianz-arena,Allianz Arena,FC Bayern Munich Stadium,Munich,,DE,48.218792,11.624701,491,Europe/Berlin,164,N-S,osm_stadium_mrr,open,fieldturf,75000,2005,,,,,5.29,5.6,6.15,6.75,7.6,50.04,Q127429,way/1257847557,,,MUN01,0,openmeteo,osm_stadium_mrr,
stade-de-france,Stade de France,,Saint-Denis,,FR,48.924469,2.360133,33,Europe/Paris,168.9,N-S,osm_stadium_mrr,open,sportturf,80698,1998,,,,,6.85,7.55,8.14,8.55,8.62,54.09,Q13205,way/64003104,,,PAR00,0,openmeteo,osm_stadium_mrr,
maracana-stadium,Maracana Stadium,Estadio do Maracana|Maracanã,Rio de Janeiro,,BR,-22.912156,-43.230187,15,America/Sao_Paulo,153,NW-SE,osm_stadium_mrr,open,matrixturf,78838,1950,,,,,5.82,5.99,5.62,5.0,4.64,74.45,Q155174,relation/4587734,,,RIO00,0,openmeteo,osm_stadium_mrr,
santiago-bernabeu-stadium,Santiago Bernabeu Stadium,Bernabeu|Estadio Santiago Bernabéu,Madrid,,ES,40.453052,-3.688278,716,Europe/Madrid,93.9,E-W,osm_stadium_mrr,retractable,fieldturf,78297,1947,,,,,5.7,5.76,6.04,5.38,5.96,58.86,Q164027,way/1507411898,,,MAD01,0,openmeteo,osm_stadium_mrr,
croke-park,Croke Park,,Dublin,,IE,53.360295,-6.251106,3,Europe/Dublin,98.9,E-W,osm_stadium_mrr,open,,82300,1884,,,,,9.75,10.53,11.36,12.12,12.09,51.43,Q478225,way/564099741,,,DUB00,0,openmeteo,osm_stadium_mrr,
neo-quimica-arena,Neo Quimica Arena,Arena Corinthians,Sao Paulo,,BR,-23.545223,-46.474504,779,America/Sao_Paulo,81.9,E-W,osm_stadium_mrr,open,,49205,2014,,,,,7.39,7.49,7.23,6.5,6.33,66.56,Q1362236,way/218667236,,,SAO00,0,openmeteo,osm_stadium_mrr,
deutsche-bank-park,Deutsche Bank Park,Waldstadion|Frankfurt Stadium,Frankfurt,,DE,50.068597,8.645417,124,Europe/Berlin,128.6,NW-SE,osm_stadium_mrr,open,,51500,1925,,,,,5.92,6.43,6.81,7.29,8.08,52.72,Q157273,way/5117941,,,FRA00,0,openmeteo,osm_stadium_mrr,
falcon-stadium,Falcon Stadium,,Colorado Springs,CO,US,38.997075,-104.843519,2018.9,America/Denver,0.7,N-S,osm_pitch,open,turf,46692,1962,,Mid,Med,E,7.6,8.1,8.7,9.1,5.27,46.59,Q907843,way/610745998,3713,,,0,epqs,osm_pitch,
summa-field-at-infocision-stadium,Summa Field at InfoCision Stadium,,Akron,OH,US,41.072584,-81.50842,315.2,America/New_York,0.7,N-S,osm_pitch,open,turf,30000,2009,,High,Med,E,6.7,7.8,8.8,9.4,8.63,52.03,Q6030359,way/160904096,3768,,,0,epqs,osm_pitch,
bryant-denny-stadium,Bryant Denny Stadium,,Tuscaloosa,AL,US,33.207658,-87.550458,67.1,America/Chicago,3.4,N-S,osm_pitch,open,grass,101821,1929,,Low,Low,all,3.5,3.9,4.1,4.3,6.66,64.71,Q995161,way/108946808,3657,,,0,epqs,osm_pitch,
kidd-brewer-stadium,Kidd Brewer Stadium,,Boone,NC,US,36.211603,-81.68549,990.9,America/New_York,168.1,N-S,osm_pitch,open,turf,30000,1962,,High,High,,3.9,4.6,5.2,5.6,8.45,52.4,Q6404623,way/207628331,3792,,,0,epqs,osm_pitch,
arizona-stadium,Arizona Stadium,,Tucson,AZ,US,32.228817,-110.948832,741.5,America/Phoenix,179.5,N-S,osm_pitch,open,turf,50782,1928,,Low,Med,E/W,6.6,7.5,8.2,8.3,5.11,70.84,Q947065,way/32976105,3619,,,0,epqs,osm_pitch,
sun-devil-stadium,Sun Devil Stadium,,Tempe,AZ,US,33.42643,-111.932571,359.7,America/Phoenix,13.9,N-S,osm_pitch,open,grass,65870,1958,,Low,Med,E,6.3,6.7,6.8,6.8,5.51,74.52,Q1849318,way/30420677,3947,,,0,epqs,osm_pitch,
donald-w-reynolds-razorback-stadium-frank-broyles-field,Donald W. Reynolds Razorback Stadium Frank Broyles Field,,Fayetteville,AR,US,36.06809,-94.178941,405.7,America/Chicago,1.3,N-S,osm_pitch,open,turf,80000,1938,,Mid,Low,E/W,7.3,7.6,7.9,8.1,7.18,59.28,Q1124181,way/187045675,3887,,,0,epqs,osm_pitch,
centennial-bank-stadium,Centennial Bank Stadium,,Jonesboro,AR,US,35.848916,-90.66718,87.3,America/Chicago,1.3,N-S,osm_pitch,open,turf,30382,1974,,Mid,High,,6.9,7.8,8.8,9,7.93,61.67,Q6541587,way/158898560,3625,,,0,epqs,osm_pitch,
blaik-field-at-michie-stadium,Blaik Field at Michie Stadium,,West Point,NY,US,41.387555,-73.964142,100.7,America/New_York,1.4,N-S,osm_pitch,open,turf,38000,1924,,High,High,,4.3,4.8,5.4,5.8,7.49,52.74,Q3311487,way/135580097,3841,,,0,epqs,osm_pitch,
jordan-hare-stadium,Jordan-Hare Stadium,,Auburn,AL,US,32.602228,-85.48913,195.1,America/Chicago,31.1,NE-SW,osm_pitch,open,grass,87451,1939,,Low,Med,E/W,4,4.3,4.6,4.7,7.16,64.57,Q945548,way/182002472,3785,,,0,epqs,osm_pitch,
scheumann-stadium,Scheumann Stadium,,Muncie,IN,US,40.216017,-85.41677,285.1,America/Indiana/Indianapolis,179.6,N-S,osm_pitch,open,turf,22500,1967,,Mid,High,,8.5,10.2,11.4,11.8,9.97,53.09,Q7431225,way/485108483,3919,,,0,epqs,osm_pitch,
mclane-stadium,McLane Stadium,,Waco,TX,US,31.558212,-97.115639,117,America/Chicago,173.9,N-S,osm_pitch,open,turf,45140,2014,,Low,Low,E/W/S,8.2,9.2,10,10,8.89,69.9,,way/386520289,4727,,,0,epqs,osm_pitch,
albertsons-stadium,Albertsons Stadium,,Boise,ID,US,43.602863,-116.195863,822.7,America/Boise,1,N-S,osm_pitch,open,turf,36387,1970,,High,Med,E,6.3,6.5,6.8,6.8,6.74,53.65,Q2926064,way/747919074,3653,,,0,epqs,osm_pitch,
alumni-stadium,Alumni Stadium,,Chestnut Hill,MA,US,42.33513,-71.16646,39.7,America/New_York,177.9,N-S,osm_pitch,open,turf,44500,1957,,High,High,E,4.9,5.7,6.4,6.9,9.09,51.83,Q598070,way/187088151,3615,,,0,epqs,osm_pitch,
doyt-perry-stadium,Doyt Perry Stadium,,Bowling Green,OH,US,41.37805,-83.622486,205.5,America/New_York,0.7,N-S,osm_pitch,open,turf,24000,1966,,High,High,,8.8,10.4,11.6,12,10.03,52.81,Q5303813,way/38422057,3700,,,0,epqs,osm_pitch,
lavell-edwards-stadium,LaVell Edwards Stadium,,Provo,UT,US,40.257544,-111.654521,1414.9,America/Denver,179.4,N-S,osm_pitch,open,grass,63470,1964,,High,Med,E,5.7,5.5,5.5,5.2,2.8,50.27,Q907890,way/986379377,3801,,,0,epqs,osm_pitch,
ub-stadium,UB Stadium,,Amherst,NY,US,42.999162,-78.777519,181.3,America/New_York,179.7,N-S,osm_pitch,open,turf,30270,1993,,High,High,,6.9,8.1,9.3,10.5,9.32,50.07,Q7894992,way/640138893,3965,,,0,epqs,osm_pitch,
california-memorial-stadium,California Memorial Stadium,,Berkeley,CA,US,37.871004,-122.250761,123.9,America/Los_Angeles,138.3,NW-SE,osm_pitch,open,turf,62467,1923,,High,Med,E,7.6,7,7.2,7.7,5.85,55.4,Q1026837,way/109191425,3831,,,0,epqs,osm_pitch,
kelly-shorts-stadium,Kelly/Shorts Stadium,,Mount Pleasant,MI,US,43.577628,-84.770843,241.8,America/Detroit,179.8,N-S,osm_pitch,open,turf,30255,1972,,High,High,,8.7,9.3,9.8,10.2,7.94,49.01,Q6385914,way/182550058,3786,,,0,epqs,osm_pitch,
jerry-richardson-stadium,Jerry Richardson Stadium,,Charlotte,NC,US,35.31051,-80.740115,185.1,America/New_York,130.5,NW-SE,osm_pitch,open,turf,15300,2013,,High,High,,5.4,5.8,6.1,6.2,6.62,62.01,Q14707992,way/1054116866,4418,,,0,epqs,osm_pitch,
nippert-stadium,Nippert Stadium,,Cincinnati,OH,US,39.131237,-84.516214,230,America/New_York,30.9,NE-SW,osm_pitch,open,turf,40000,1915,,High,Med,E/S,5.4,6.2,7,7.4,7.84,55.56,Q3342107,way/35263578,3854,,,0,epqs,osm_pitch,
memorial-stadium,Memorial Stadium,,Clemson,SC,US,34.67874,-82.843192,196,America/New_York,75.8,E-W,osm_pitch,open,grass,81500,1942,,High,Med,E/N/S,3.9,4.3,4.5,4.6,5.64,62.07,Q543579,way/26996809,3836,,,0,epqs,osm_pitch,
brooks-stadium,Brooks Stadium,,Conway,SC,US,33.792866,-79.017493,12.4,America/New_York,0.3,N-S,osm_pitch,open,turf,21000,2003,,Low,Med,E,8.3,8.9,9.3,9.7,7.64,64.85,Q4975053,way/48704607,3654,,,0,epqs,osm_pitch,
folsom-field,Folsom Field,,Boulder,CO,US,40.009456,-105.266918,1626.8,America/Denver,0,N-S,osm_pitch,open,grass,50183,1924,,High,Low,E/W,6.2,7,8.2,9.2,5.34,48.46,Q3075131,way/1350683374,3726,,,0,epqs,osm_pitch,
canvas-stadium,Canvas Stadium,,Fort Collins,CO,US,40.569912,-105.088452,1528.1,America/Denver,0.4,N-S,osm_pitch,open,turf,36500,2017,,High,Med,E/W,7.2,8.1,9.3,10.4,4.37,48.81,Q23995882,way/523482032,5388,,,0,epqs,osm_pitch,
rentschler-field,Rentschler Field,,East Hartford,CT,US,41.759615,-72.618837,7.8,America/New_York,120.4,NW-SE,osm_pitch,open,grass,40000,2003,,High,High,NE,4.2,4.8,5.4,5.8,6.97,52.92,Q3113144,way/187066996,3892,,,0,epqs,osm_pitch,
wallace-wade-stadium,Wallace Wade Stadium,,Durham,NC,US,35.995387,-78.941722,103,America/New_York,166.6,N-S,osm_pitch,open,grass,40004,1929,,High,Med,E,4.4,4.8,5.2,5.4,6.9,61.08,Q3565475,way/133334235,3982,,,0,epqs,osm_pitch,
dowdy-ficklen-stadium,Dowdy-Ficklen Stadium,,Greenville,NC,US,35.596468,-77.36526,19.3,America/New_York,121.2,NW-SE,osm_pitch,open,grass,50000,1963,,High,Med,NE/SW,7.3,7.7,8.1,8.3,7.4,62.47,Q3038295,way/170965120,3699,,,0,epqs,osm_pitch,
rynearson-stadium,Rynearson Stadium,,Ypsilanti,MI,US,42.255932,-83.647377,241.2,America/Detroit,0.1,N-S,osm_pitch,open,turf,30200,1969,,High,High,E,9.3,10.8,11.9,12.3,8.58,50.72,Q14716273,way/181987556,3912,,,0,epqs,osm_pitch,
ben-hill-griffin-stadium,Ben Hill Griffin Stadium,,Gainesville,FL,US,29.649931,-82.348628,40.3,America/New_York,0.2,N-S,osm_pitch,open,grass,88548,1930,,High,Low,E/W/N/S,5,5.5,5.8,5.7,6.5,69.87,Q816516,way/119378491,3634,,,0,epqs,osm_pitch,
fau-stadium,FAU Stadium,,Boca Raton,FL,US,26.376151,-80.10162,4,America/New_York,165.4,N-S,osm_pitch,open,turf,29419,2011,,High,High,E,7.6,8.5,10.4,11.5,9.1,75.77,Q5513195,way/261772138,3715,,,0,epqs,osm_pitch,
fiu-stadium,FIU Stadium,,Miami,FL,US,25.75251,-80.377896,1.8,America/New_York,89,E-W,osm_pitch,open,turf,20000,1995,,High,High,,9.4,11.5,12.7,12.2,7.59,75.61,Q1388701,way/418861089,218,,,0,epqs,osm_pitch,
bobby-bowden-field-at-doak-campbell-stadium,Bobby Bowden Field at Doak Campbell Stadium,,Tallahassee,FL,US,30.438146,-84.304409,19.5,America/New_York,135.2,NW-SE,osm_pitch,open,grass,79560,1950,,Low,Low,x SE,4.1,4.5,4.8,4.8,6.98,68.4,Q1233077,way/127128460,3697,,,0,epqs,osm_pitch,
bulldog-stadium,Bulldog Stadium,,Fresno,CA,US,36.814412,-119.758068,91.4,America/Los_Angeles,0.3,N-S,osm_pitch,open,turf,41031,1980,,High,High,,4.8,4.5,4.3,4.4,4.47,65.69,Q583581,way/187080903,3660,,,0,epqs,osm_pitch,
sanford-stadium,Sanford Stadium,,Athens,GA,US,33.949803,-83.373363,185.7,America/New_York,115.7,NW-SE,osm_pitch,open,grass,92746,1929,,Low,Low,NE/SW,3.7,4.1,4.4,4.5,6.76,62.9,Q2221660,way/187020126,3917,,,0,epqs,osm_pitch,
paulson-stadium,Paulson Stadium,,Statesboro,GA,US,32.412187,-81.783141,59.2,America/New_York,92,E-W,osm_pitch,open,turf,25000,1984,,Low,High,,6.5,7.1,7.3,7.5,8.17,66.7,Q7155374,way/182052544,3608,,,0,epqs,osm_pitch,
georgia-state-stadium,Georgia State Stadium,,Atlanta,GA,US,33.735547,-84.389596,287.1,America/New_York,173.8,N-S,osm_pitch,open,turf,25000,2017,,Low,Med,N/E/NW,5.1,5.7,6.2,6.5,8.81,62.14,Q1150936,way/255488112,4246,,,0,epqs,osm_pitch,
bobby-dodd-stadium-at-historic-grant-field,Bobby Dodd Stadium at Historic Grant Field,,Atlanta,GA,US,33.7725,-84.392856,279.3,America/New_York,0.2,N-S,osm_pitch,open,turf,55000,1913,,Low,Med,SE,5.1,5.7,6.2,6.5,8.64,62.01,Q2907951,way/42793716,721,,,0,epqs,osm_pitch,
clarence-tc-ching-athletics-complex,Clarence T.C. Ching Athletics Complex,,Honolulu,HI,,21.293534,-157.817547,5.2,Pacific/Honolulu,137.9,NW-SE,osm_stadium_mrr,open,grass,9000,2014,,High,High,,14,13.5,14.4,13.6,8.84,75.33,Q85752700,way/226225091,7220,,,0,epqs,osm_stadium_mrr,
john-oquinn-field-at-tdecu-stadium,John O'Quinn Field at TDECU Stadium,,Houston,TX,US,29.721997,-95.349184,6.3,America/Chicago,109.3,E-W,osm_pitch,open,turf,40000,2014,,Low,Med,N/S,6.8,7.8,8.5,8.8,8.73,70.3,Q1632955,way/1350963741,4728,,,0,epqs,osm_pitch,
memorial-stadium-champaign,Memorial Stadium,,Champaign,IL,US,40.099307,-88.235964,223.2,America/Chicago,179.2,N-S,osm_pitch,open,turf,60670,1923,,Mid,Med,E,8.7,10.4,11.6,11.7,9.67,53.84,Q3305514,way/144183174,3832,,,0,epqs,osm_pitch,
memorial-stadium-bloomington,Memorial Stadium,,Bloomington,IN,US,39.180891,-86.525632,231.9,America/Indiana/Indianapolis,0.4,N-S,osm_pitch,open,turf,52656,1960,,Mid,Med,E,6.2,7.2,8.1,8.4,7.6,54.97,Q3305509,way/105108429,3830,,,0,epqs,osm_pitch,
kinnick-stadium,Kinnick Stadium,,Iowa City,IA,US,41.658646,-91.551087,211.6,America/Chicago,0.4,N-S,osm_pitch,open,turf,69250,1929,,Mid,Med,E,9.2,10.5,11.1,11.1,9.47,51.51,Q3197181,way/162779822,3793,,,0,epqs,osm_pitch,
jack-trice-stadium,Jack Trice Stadium,,Ames,IA,US,42.014,-93.635777,270.3,America/Chicago,179.1,N-S,osm_pitch,open,grass,61500,1975,,Mid,High,E,9.8,10.9,11.5,11.5,9.76,51.44,Q3157332,way/101135481,3772,,,0,epqs,osm_pitch,
jsu-stadium,JSU Stadium,,Jacksonville,AL,US,33.820366,-85.766293,199.5,America/Chicago,94.9,E-W,osm_pitch,open,turf,24000,1947,,Low,High,N,3.8,4.3,4.7,4.8,7.05,63.15,,way/200695748,3662,,,0,epqs,osm_pitch,
bridgeforth-stadium,Bridgeforth Stadium,,Harrisonburg,VA,US,38.435243,-78.872941,396.7,America/New_York,166.1,N-S,osm_pitch,open,turf,24877,1975,,High,Med,E,4.7,5.3,5.9,6.2,5.6,54.52,Q4966496,way/118039010,3651,,,0,epqs,osm_pitch,
memorial-stadium-lawrence,Memorial Stadium,,Lawrence,KS,US,38.963006,-95.24636,274.7,America/Chicago,179.9,N-S,osm_pitch,open,turf,47000,1921,,Mid,High,E,9.8,10.6,11.1,10.9,7.95,57.03,Q3305513,way/1414360314,3833,,,0,epqs,osm_pitch,
bill-snyder-family-football-stadium,Bill Snyder Family Football Stadium,,Manhattan,KS,US,39.20201,-96.593858,328.3,America/Chicago,179.9,N-S,osm_pitch,open,turf,50000,1968,,Mid,Low,all,10.5,11,11.2,10.8,8.35,57.76,Q2903355,way/1200999500,3636,,,0,epqs,osm_pitch,
fifth-third-bank-stadium,Fifth Third Bank Stadium,,Kennesaw,GA,US,34.028938,-84.567611,297,America/New_York,179.8,N-S,osm_pitch,open,grass,8318,2010,,High,High,,4.5,5,5.5,5.7,7.97,61.32,Q6389756,way/246685663,4899,,,0,epqs,osm_pitch,
dix-stadium,Dix Stadium,,Kent,OH,US,41.139083,-81.313428,321.4,America/New_York,178.4,N-S,osm_pitch,open,turf,25319,1969,,High,High,E,5.9,7,7.9,8.6,8.57,51.98,Q5284768,way/232488801,3696,,,0,epqs,osm_pitch,
commonwealth-stadium,Commonwealth Stadium,,Lexington,KY,US,38.022781,-84.505151,307.2,America/New_York,121.4,NW-SE,osm_pitch,open,turf,61000,1973,,High,Low,all,6.4,7.4,8.1,8.6,7.41,56.25,Q517268,way/1351198365,3683,,,0,epqs,osm_pitch,
tiger-stadium,Tiger Stadium,,Baton Rouge,LA,US,30.412028,-91.183803,7.5,America/Chicago,157.2,NW-SE,osm_pitch,open,grass,102321,1924,,Low,Low,x SE,5.5,6.3,6.9,7.3,8.15,69.12,Q1594708,way/119361456,3958,,,0,epqs,osm_pitch,
williams-stadium,Williams Stadium,,Lynchburg,VA,US,37.354437,-79.175023,271.3,America/New_York,173.7,N-S,osm_pitch,open,turf,25000,1989,,High,Med,E/W,3.4,3.8,4.2,4.3,6.81,57.89,Q8021099,way/527975098,3992,,,0,epqs,osm_pitch,
cajun-field,Cajun Field,,Lafayette,LA,US,30.215865,-92.041716,3.2,America/Chicago,141.6,NW-SE,osm_pitch,open,turf,41426,1971,,Low,High,,7.2,8.3,9.2,9.9,8.66,69.21,Q5018009,way/101072727,3666,,,0,epqs,osm_pitch,
malone-stadium,Malone Stadium,,Monroe,LA,US,32.530923,-92.065972,22.9,America/Chicago,14.1,N-S,osm_pitch,open,turf,30427,1978,,Low,,,5.7,6.1,6.6,6.8,7.67,67.11,Q6744512,way/182053138,3817,,,0,epqs,osm_pitch,
joe-aillet-stadium,Joe Aillet Stadium,,Ruston,LA,US,32.532128,-92.655925,72.6,America/Chicago,149.2,NW-SE,osm_pitch,open,turf,28019,1968,,Low,High,,3.8,4.2,4.5,4.6,7.07,66.51,Q6208302,way/116711402,3776,,,0,epqs,osm_pitch,
papa-johns-cardinal-stadium,Papa John's Cardinal Stadium,,Louisville,KY,US,38.205891,-85.758786,140.6,America/Kentucky/Louisville,8.5,N-S,osm_pitch,open,turf,60000,1998,,Mid,Low,all,6,6.9,7.6,8,7.31,57.6,Q3362725,way/144054473,3873,,,0,epqs,osm_pitch,
joan-c-edwards-stadium,Joan C. Edwards Stadium,,Huntington,WV,US,38.424964,-82.420948,162.9,America/New_York,167.6,N-S,osm_pitch,open,turf,38016,1991,,High,Med,E,3.4,3.9,4.3,4.7,6.74,57.18,Q3179563,way/182054956,3775,,,0,epqs,osm_pitch,
maryland-stadium,Maryland Stadium,,College Park,MD,US,38.990287,-76.947253,32.6,America/New_York,126.2,NW-SE,osm_pitch,open,turf,51802,1950,,High,Med,x NW,7.6,8.6,9.3,9.5,7.65,57.58,Q2929171,way/143300298,3665,,,0,epqs,osm_pitch,
warren-mcguirk-alumni-stadium,Warren McGuirk Alumni Stadium,,Hadley,MA,US,42.377303,-72.53602,46.6,America/New_York,4,N-S,osm_pitch,open,turf,17000,1965,,High,High,E,4,4.5,5.1,5.5,6.57,51.34,Q6588293,way/182055817,3985,,,0,epqs,osm_pitch,
liberty-bowl-memorial-stadium,Liberty Bowl Memorial Stadium,,Memphis,TN,US,35.121108,-89.977409,88.8,America/Chicago,144.4,NW-SE,osm_pitch,open,turf,58325,1965,,Mid,High,SW,7.6,8.5,9.5,9.9,8.36,62.8,Q3237803,way/127419518,3805,,,0,epqs,osm_pitch,
yager-stadium,Yager Stadium,,Oxford,OH,US,39.519521,-84.732923,242.2,America/New_York,166.1,N-S,osm_pitch,open,turf,24286,1983,,High,High,E,7.6,8.8,9.9,10.3,8.88,54.38,Q8046702,way/83700956,3996,,,0,epqs,osm_pitch,
michigan-stadium,Michigan Stadium,,Ann Arbor,MI,US,42.265879,-83.74873,255.5,America/Detroit,179.2,N-S,osm_pitch,open,turf,107601,1927,,High,Med,E/W,9.2,10.7,11.7,12.1,8.44,50.45,Q1640118,way/181983810,3558,,,0,epqs,osm_pitch,
spartan-stadium,Spartan Stadium,,East Lansing,MI,US,42.728173,-84.484865,254.6,America/Detroit,0.6,N-S,osm_pitch,open,grass,75005,1923,,High,Med,E,9.2,10.7,11.7,12.1,8.29,50.34,Q2164621,way/182030221,3936,,,0,epqs,osm_pitch,
johnny-red-floyd-stadium,"Johnny Red"""" Floyd Stadium""""",,Murfreesboro,TN,US,35.851185,-86.368159,191,America/Chicago,3.8,N-S,osm_pitch,open,turf,30788,1933,,Mid,High,E,5.8,6.6,7.4,7.8,6.75,60.53,Q14709982,way/114615544,3725,,,0,epqs,osm_pitch,
tcf-bank-stadium,TCF Bank Stadium,,Minneapolis,MN,US,44.976536,-93.224578,252.1,America/Chicago,90.1,E-W,osm_pitch,open,turf,50850,2009,,Mid,Med,x E,8.8,9.6,9.9,10.1,6.92,46.69,Q3512039,way/42639671,3953,,,0,epqs,osm_pitch,
davis-wade-stadium,Davis Wade Stadium,,Starkville,MS,US,33.45634,-88.793379,110,America/Chicago,13.2,N-S,osm_pitch,open,grass,61337,1914,,Low,High,x NW,5.3,5.9,6.3,6.6,7.13,64.12,Q949608,way/191794074,3693,,,0,epqs,osm_pitch,
faurot-field,Faurot Field,,Columbia,MO,US,38.935843,-92.333206,204.8,America/Chicago,22.2,N-S,osm_pitch,open,turf,71168,1927,,Mid,High,E/W,6.3,6.6,6.8,6.9,7.26,56.44,Q1320105,way/109316062,3838,,,0,epqs,osm_pitch,
carter-finley-stadium,Carter-Finley Stadium,,Raleigh,NC,US,35.800796,-78.71947,117.1,America/New_York,142.5,NW-SE,osm_pitch,open,grass,58000,1966,,High,,,5.4,5.8,6.2,6.4,7.17,61.48,Q945172,way/1350898669,3670,,,0,epqs,osm_pitch,
navy-marine-corps-memorial-stadium,Navy-Marine Corps Memorial Stadium,,Annapolis,MD,US,38.984765,-76.507083,8.8,America/New_York,141.5,NW-SE,osm_pitch,open,turf,34000,1959,,High,High,,8.1,9.2,10,10.2,8.22,57.33,Q3337331,way/38305510,3852,,,0,epqs,osm_pitch,
memorial-stadium-lincoln,Memorial Stadium,,Lincoln,NE,US,40.82063,-96.705635,354.7,America/Chicago,0.4,N-S,osm_pitch,open,turf,85458,1923,,Mid,Low,all,10.5,11.1,11.3,11.3,9.0,54.39,Q383557,way/44098265,3834,,,0,epqs,osm_pitch,
mackay-stadium,Mackay Stadium,,Reno,NV,US,39.546947,-119.817558,1404.5,America/Los_Angeles,141.3,NW-SE,osm_pitch,open,turf,27000,1966,,High,High,E/W,5.6,5.6,6.1,6.1,3.03,53.63,Q6588235,way/354409943,3816,,,0,epqs,osm_pitch,
university-stadium,University Stadium,,Albuquerque,NM,US,35.066985,-106.628301,1554.4,America/Denver,0.1,N-S,osm_pitch,open,turf,39224,1960,,High,High,,6.9,7.3,7.4,7.3,5.94,59.25,Q936242,way/191004354,3971,,,0,epqs,osm_pitch,
aggie-memorial-stadium,Aggie Memorial Stadium,,Las Cruces,NM,US,32.279636,-106.741111,1208.3,America/Denver,167.7,N-S,osm_pitch,open,turf,28853,1978,,Low,Med,E,7.2,7.7,7.9,7.8,5.96,65.57,Q4692211,way/268777480,3601,,,0,epqs,osm_pitch,
kenan-memorial-stadium,Kenan Memorial Stadium,,Chapel Hill,NC,US,35.906952,-79.047861,127.7,America/New_York,115.3,NW-SE,osm_pitch,open,turf,50500,1927,,High,Med,all,4.7,5.1,5.5,5.7,6.7,61.26,Q1627986,way/44056130,3787,,,0,epqs,osm_pitch,
apogee-stadium,Apogee Stadium,,Denton,TX,US,33.203938,-97.159239,202.8,America/Chicago,0.4,N-S,osm_pitch,open,turf,30850,2011,,Low,Med,E,8.8,9.8,10.5,10.3,8.47,66.45,Q11597,way/561362481,3825,,,0,epqs,osm_pitch,
brigham-field-at-huskie-stadium,Brigham Field at Huskie Stadium,,DeKalb,IL,US,41.933941,-88.777813,268.4,America/Chicago,0,N-S,osm_pitch,open,turf,23595,1965,,Mid,High,E,9,10.5,11.4,11.6,9.5,50.71,Q5949339,way/194235613,3764,,,0,epqs,osm_pitch,
ryan-field,Ryan Field,,Evanston,IL,US,42.066953,-87.692447,184.3,America/Chicago,1.1,N-S,osm_stadium_mrr,open,grass,47130,1926,,Mid,Med,E,10.9,12.8,14.2,14.5,9.78,51.13,,way/42708318,3911,,,0,epqs,osm_stadium_mrr,
notre-dame-stadium,Notre Dame Stadium,,Notre Dame,IN,US,41.698397,-86.23392,221.9,America/Indiana/Indianapolis,179.5,N-S,osm_pitch,open,turf,80795,1930,,Mid,Low,all,9.4,11,12.2,12.6,8.94,51.41,Q847043,way/126796511,3855,,,0,epqs,osm_pitch,
peden-stadium,Peden Stadium,,Athens,OH,US,39.320993,-82.102934,191.6,America/New_York,8.6,N-S,osm_pitch,open,turf,24000,1929,,High,High,,3.8,4.4,5,5.4,7.08,55.44,Q7159081,way/38525351,3876,,,0,epqs,osm_pitch,
ohio-stadium,Ohio Stadium,,Columbus,OH,US,40.001658,-83.019736,216.5,America/New_York,7,N-S,osm_pitch,open,turf,102780,1922,,High,High,,7.3,8.6,9.7,10.1,8.52,54.32,Q774694,way/24816039,3861,,,0,epqs,osm_pitch,
gaylord-family-oklahoma-memorial-stadium,Gaylord Family Oklahoma Memorial Stadium,,Norman,OK,US,35.205852,-97.442331,353,America/Chicago,0.1,N-S,osm_pitch,open,grass,86112,1925,,Mid,Med,all,9.8,10.8,11.3,10.9,8.6,62.58,Q1496586,way/1351187293,3835,,,0,epqs,osm_pitch,
boone-pickens-stadium,Boone Pickens Stadium,,Stillwater,OK,US,36.125681,-97.066481,272.7,America/Chicago,88.5,E-W,osm_pitch,open,turf,55509,1919,,Mid,Low,all,9.9,10.7,11,10.5,7.79,62.09,Q2910505,way/47026252,3646,,,0,epqs,osm_pitch,
foreman-field,Foreman Field,,Norfolk,VA,US,36.88891,-76.304889,2.6,America/New_York,163.5,N-S,osm_pitch,open,turf,20118,1936,,High,Med,E/N,9.5,10.3,11,11.3,10.21,61.38,Q5468640,way/48778249,3918,,,0,epqs,osm_pitch,
vaught-hemingway-stadium,Vaught-Hemingway Stadium,,Oxford,MS,US,34.361985,-89.534201,141.4,America/Chicago,32.8,NE-SW,osm_pitch,open,grass,64038,1915,,Low,Med,all,5.3,5.9,6.5,6.9,7.17,62.8,Q3555083,way/242316643,3974,,,0,epqs,osm_pitch,
autzen-stadium,Autzen Stadium,,Eugene,OR,US,44.058276,-123.068511,127.4,America/Los_Angeles,105.3,E-W,osm_pitch,open,turf,54000,1967,,High,Med,N,3.6,3.9,4.5,4.7,5.15,52.98,Q2873102,way/163758347,3626,,,0,epqs,osm_pitch,
reser-stadium,Reser Stadium,,Corvallis,OR,US,44.559528,-123.281396,66.9,America/Los_Angeles,137,NW-SE,osm_pitch,open,turf,43363,1953,,High,Med,SW,5,5.2,6,6.1,5.45,53.44,Q782386,way/41376059,3893,,,0,epqs,osm_pitch,
beaver-stadium,Beaver Stadium,,University Park,PA,US,40.812193,-77.856108,354.2,America/New_York,135.2,NW-SE,osm_pitch,open,grass,106572,1960,,High,Med,all,3.7,4.3,4.9,5.7,7.44,51.35,Q692816,way/37121822,3632,,,0,epqs,osm_pitch,
heinz-field,Heinz Field,,Pittsburgh,PA,US,40.446792,-80.015768,220.7,America/New_York,154.5,NW-SE,osm_pitch,open,grass,68400,2001,,High,Med,E,3.8,4.4,5,5.6,7.66,54,Q1067148,way/172659571,3752,,,0,epqs,osm_pitch,
ross-ade-stadium,Ross-Ade Stadium,,West Lafayette,IN,US,40.43442,-86.918415,194.8,America/Indiana/Indianapolis,165,N-S,osm_pitch,open,grass,57282,1924,,Mid,Med,E,8.6,10.3,11.5,11.7,9.47,53.61,Q3442733,way/74144840,3907,,,0,epqs,osm_pitch,
rice-stadium,Rice Stadium,,Houston,TX,US,29.716321,-95.409323,7.2,America/Chicago,179.6,N-S,osm_pitch,open,turf,47000,1950,,Low,Med,E/W,6.8,7.8,8.5,8.8,8.71,70.37,Q1857419,way/187096451,3895,,,0,epqs,osm_pitch,
shi-stadium,SHI Stadium,,Piscataway,NJ,US,40.5462553,-74.4660408,23,America/New_York,45,NE-SW,curated,open,turf,52454,2009,,High,Med,E,5.9,6.8,7.5,7.9,7.56,55.38,,,6577,,,0,epqs,curated,
gerald-j-ford-stadium,Gerald J. Ford Stadium,,University Park,TX,US,32.83776,-96.782768,168.7,America/Chicago,1.4,N-S,osm_pitch,open,turf,32000,2000,,Low,Med,,8.6,9.6,10.4,10.3,9.16,67.27,Q390127,way/1312507363,3735,,,0,epqs,osm_pitch,
bowers-stadium,Bowers Stadium,,Huntsville,TX,US,30.713933,-95.541978,126.9,America/Chicago,178.4,N-S,osm_pitch,open,turf,14000,1986,,Low,High,,5.1,5.8,6.3,6.5,7.61,68.63,,way/199721849,3647,,,0,epqs,osm_pitch,
snapdragon-stadium,Snapdragon Stadium,,San Diego,CA,US,32.784193,-117.122428,17.5,America/Los_Angeles,6.4,N-S,osm_pitch,open,grass,35000,2022,,Low,Med,E,5.9,6.2,7,7.9,5.6,62.36,Q100272042,way/1351638751,7311,,,0,epqs,osm_pitch,
spartan-stadium-san-jose,Spartan Stadium,,San Jose,CA,US,37.31972,-121.868275,28,America/Los_Angeles,149.3,NW-SE,osm_pitch,open,turf,30456,1933,,High,High,E,6.4,6,6.3,6.6,4.72,59.64,Q2165358,way/285841346,3935,,,0,epqs,osm_pitch,
hancock-whitney-stadium,Hancock Whitney Stadium,,Mobile,AL,US,30.6943566,-88.0430541,2.6,America/Chicago,0,N-S,curated,open,turf,25450,2020,,Low,Med,E,6,6.8,7.3,7.6,8.52,68.63,,,6526,,,0,epqs,curated,
williams-brice-stadium,Williams-Brice Stadium,,Columbia,SC,US,33.973086,-81.019183,60.3,America/New_York,150.5,NW-SE,osm_pitch,open,grass,80250,1934,,Low,Low,E/W,6.3,6.6,6.8,6.9,7.08,64.53,Q940522,way/187031723,3994,,,0,epqs,osm_pitch,
m-m-roberts-stadium,M. M. Roberts Stadium,,Hattiesburg,MS,US,31.329022,-89.331239,61.4,America/Chicago,179.8,N-S,osm_pitch,open,turf,36000,1932,,Low,Med,E,3.4,3.8,4.1,4.2,6.83,67.03,Q3272445,way/187077449,3815,,,0,epqs,osm_pitch,
stanford-stadium,Stanford Stadium,,Stanford,CA,US,37.434512,-122.161096,10.3,America/Los_Angeles,138,NW-SE,osm_pitch,open,grass,50424,2006,,High,High,,7.4,7.1,7.8,8.4,4.33,58.95,Q692470,way/175928719,3940,,,0,epqs,osm_pitch,
carrier-dome,Carrier Dome,,Syracuse,NY,US,43.036223,-76.136361,168.7,America/New_York,90.4,E-W,osm_stadium_mrr,dome,turf,49057,1980,,High,,,,,,,,49.96,Q2739617,way/97100885,1964,,,0,epqs,osm_stadium_mrr,
amon-g-carter-stadium,Amon G. Carter Stadium,,Fort Worth,TX,US,32.709646,-97.368104,185,America/Chicago,142.2,NW-SE,osm_pitch,open,grass,46000,1929,,Low,Med,x NW,8.6,9.6,10.3,10.2,9.23,68.25,Q473943,way/618978185,3616,,,0,epqs,osm_pitch,
neyland-stadium,Neyland Stadium,,Knoxville,TN,US,35.954989,-83.924994,262,America/New_York,143.4,NW-SE,osm_pitch,open,grass,102455,1921,,High,Med,E/W,4,4.5,5,5.3,6.01,59.89,Q1984022,way/118937309,3853,,,0,epqs,osm_pitch,
darrell-k-royal-texas-memorial-stadium,Darrell K Royal-Texas Memorial Stadium,,Austin,TX,US,30.283665,-97.732545,160.7,America/Chicago,5,N-S,osm_pitch,open,turf,100119,1924,,Low,Low,all,8.1,9,9.7,9.8,8.11,69.96,Q1166591,way/187012995,3910,,,0,epqs,osm_pitch,
kyle-field,Kyle Field,,College Station,TX,US,30.609883,-96.340382,104.3,America/Chicago,141.6,NW-SE,osm_pitch,open,grass,102733,1927,,Low,Low,x NW,7.2,8.2,8.9,9.1,8.61,69.7,Q945223,way/45830130,3795,,,0,epqs,osm_pitch,
jim-wacker-field-at-bobcat-stadium,Jim Wacker Field at Bobcat Stadium,,San Marcos,TX,US,29.891032,-97.925527,177.6,America/Chicago,171.4,N-S,osm_pitch,open,turf,30000,1981,,Low,Med,E,8.1,8.9,9.6,9.7,7.91,70.15,Q14710340,way/610747956,3644,,,0,epqs,osm_pitch,
jones-att-stadium,Jones AT&T Stadium,,Lubbock,TX,US,33.591097,-101.872917,971.9,America/Chicago,0.1,N-S,osm_pitch,open,turf,60454,1947,,Low,Med,E/W,9.5,10.2,10.6,10.7,9.89,62.91,Q3183551,way/242315852,3784,,,0,epqs,osm_pitch,
glass-bowl,Glass Bowl,,Toledo,OH,US,41.657277,-83.613574,181.7,America/New_York,2.2,N-S,osm_pitch,open,turf,26038,1937,,High,High,E,9.1,10.7,11.9,12.3,9.31,52.34,Q5567033,way/234141571,3739,,,0,epqs,osm_pitch,
veterans-memorial-stadium,Veterans Memorial Stadium,,Troy,AL,US,31.799552,-85.95184,154.6,America/Chicago,178.7,N-S,osm_pitch,open,turf,30000,1950,,Low,High,E,3.7,4.1,4.3,4.4,7.25,65.96,Q7923659,way/194186576,3975,,,0,epqs,osm_pitch,
benson-field-at-yulman-stadium,Benson Field at Yulman Stadium,,New Orleans,LA,US,29.944605,-90.116651,0,America/Chicago,31,NE-SW,osm_stadium_mrr,open,turf,30000,2014,,High,Med,NW,8.6,9.4,10.1,10.6,9.07,70.11,Q8060993,relation/4577032,4729,,,0,epqs,osm_stadium_mrr,
skelly-field-at-h-a-chapman-stadium,Skelly Field at H. A. Chapman Stadium,,Tulsa,OK,US,36.148885,-95.943781,232.5,America/Chicago,0.3,N-S,osm_pitch,open,turf,30000,1930,,Mid,High,E,9,10,10.6,10.2,8.19,61.37,Q3486226,way/189168462,3674,,,0,epqs,osm_pitch,
protective-stadium,Protective Stadium,,Birmingham,AL,US,33.5206824,-86.8024326,185.8,America/Chicago,0,N-S,curated,open,turf,0,2021,,Low,Med,all,3.8,4.2,4.5,4.6,7.86,63.72,,,7221,,,0,epqs,curated,
bright-house-networks-stadium,Bright House Networks Stadium,,Orlando,FL,US,28.608266,-81.192627,20,America/New_York,0,N-S,osm_pitch,open,grass,44206,2007,,High,Med,E/W,7,8,8.4,8.3,7.02,72.19,Q2925356,way/157938236,3652,,,0,epqs,osm_pitch,
rose-bowl,Rose Bowl,,Pasadena,CA,US,34.161324,-118.167634,245,America/Los_Angeles,172.7,N-S,osm_pitch,open,grass,88565,1922,,Low,Med,E,5.4,6.1,7.3,8.3,3.87,62.98,Q582280,way/119369552,1056,,,0,epqs,osm_pitch,
los-angeles-memorial-coliseum,Los Angeles Memorial Coliseum,,Los Angeles,CA,US,34.014045,-118.288055,53.7,America/Los_Angeles,89.9,E-W,osm_pitch,open,grass,77500,1923,,Low,Med,N,5.4,6.2,7.4,8.4,5.26,62.56,Q849784,way/119353446,477,,,0,epqs,osm_pitch,
alamodome,Alamodome,,San Antonio,TX,US,29.416883,-98.478901,201.7,America/Chicago,0.2,N-S,osm_stadium_mrr,dome,turf,36582,1993,,Low,,,,,,,,71.15,Q1618347,way/154823003,3604,,,0,epqs,osm_stadium_mrr,
sun-bowl-stadium,Sun Bowl Stadium,,El Paso,TX,US,31.773335,-106.507964,1183,America/Denver,163.9,N-S,osm_pitch,open,turf,51500,1963,,Low,Med,x N,7.6,8,8.2,8.1,7.04,66.27,Q3503735,way/248915069,3946,,,0,epqs,osm_pitch,
rice-eccles-stadium,Rice-Eccles Stadium,,Salt Lake City,UT,US,40.759975,-111.848847,1411.2,America/Denver,179.9,N-S,osm_pitch,open,turf,51444,1998,,High,Med,E/W,5.9,5.6,5.6,5.4,3.74,50.78,Q922761,way/723550040,587,,,0,epqs,osm_pitch,
romney-stadium,Romney Stadium,,Logan,UT,US,41.751758,-111.811607,1428.3,America/Denver,0.2,N-S,osm_pitch,open,turf,25513,1968,,High,Med,E,5.5,5.5,5.6,5.5,3.01,45.96,Q7363266,way/226181231,3905,,,0,epqs,osm_pitch,
vanderbilt-stadium,Vanderbilt Stadium,,Nashville,TN,US,36.144021,-86.808908,159.9,America/Chicago,9.3,N-S,osm_pitch,open,turf,40351,1922,,Mid,Med,E/W,6,6.9,7.6,8,6.89,60.15,Q3554494,way/185562957,3973,,,0,epqs,osm_pitch,
scott-stadium,Scott Stadium,,Charlottesville,VA,US,38.031102,-78.513709,157.6,America/New_York,138.6,NW-SE,osm_pitch,open,grass,61500,1931,,High,Med,,3.7,4.2,4.5,4.6,5.95,58.23,Q1133538,way/223468515,3923,,,0,epqs,osm_pitch,
lane-stadium,Lane Stadium,,Blacksburg,VA,US,37.220005,-80.418055,625.7,America/New_York,177.7,N-S,osm_pitch,open,grass,65632,1965,,High,Med,x S,3.4,4,4.6,5.1,6.97,54.07,Q3217144,way/33743512,3799,,,0,epqs,osm_pitch,
bbt-field,BB&T Field,,Winston-Salem,NC,US,36.130572,-80.254559,283.6,America/New_York,140,NW-SE,osm_pitch,open,turf,31500,1968,,High,High,E,6.1,6.7,7,7.2,6.28,59.26,Q1028275,way/639697958,3630,,,0,epqs,osm_pitch,
husky-stadium,Husky Stadium,,Seattle,WA,US,47.650311,-122.30161,9.9,America/Los_Angeles,107.9,E-W,osm_pitch,open,turf,70138,1920,,High,Low,x W,3.3,4.1,5.1,5.1,7.48,51.96,Q1136463,way/235758229,3765,,,0,epqs,osm_pitch,
martin-stadium,Martin Stadium,,Pullman,WA,US,46.731829,-117.160439,770.1,America/Los_Angeles,90.1,E-W,osm_pitch,open,turf,32952,1972,,High,High,N,6.3,6.7,7.4,7.2,9.03,49.9,Q2409690,way/39515216,3820,,,0,epqs,osm_pitch,
mountaineer-field-at-milan-puskar-stadium,Mountaineer Field at Milan Puskar Stadium,,Morgantown,WV,US,39.650202,-79.955065,328,America/New_York,152.2,NW-SE,osm_pitch,open,turf,60000,1980,,High,Med,E/W,3.7,4.3,5,5.7,7.35,53.65,Q1179474,way/242314749,3842,,,0,epqs,osm_pitch,
houchens-industries-l-t-smith-stadium,Houchens Industries-L. T. Smith Stadium,,Bowling Green,KY,US,36.984692,-86.459393,152.5,America/Chicago,133.5,NW-SE,osm_pitch,open,turf,22113,1968,,Mid,High,E/W,6,6.8,7.6,8.1,6.87,59.04,Q5912732,way/313576575,3796,,,0,epqs,osm_pitch,
waldo-stadium,Waldo Stadium,,Kalamazoo,MI,US,42.285738,-85.601101,242.7,America/Detroit,46.8,NE-SW,osm_pitch,open,turf,30200,1939,,Mid,High,SW,9.2,10.7,11.7,12,8.03,50.43,Q7961584,way/113757506,3980,,,0,epqs,osm_pitch,
camp-randall-stadium,Camp Randall Stadium,,Madison,WI,US,43.069943,-89.412687,264.1,America/Chicago,179.9,N-S,osm_pitch,open,turf,80321,1917,,Mid,Low,all,9.6,10.8,11.4,11.5,8.17,49.29,Q1029941,way/119881008,347,,,0,epqs,osm_pitch,
war-memorial-stadium,War Memorial Stadium,,Laramie,WY,US,41.311716,-105.568274,2200.3,America/Denver,4.7,N-S,osm_pitch,open,turf,29181,1950,,High,High,,9.3,11.3,13.7,15.2,8.64,42.16,Q3566222,way/130530282,3984,,,0,epqs,osm_pitch,
wildcat-stadium-tx,Wildcat Stadium (TX),,Abilene,TX,US,32.472275,-99.710464,520.9,America/Chicago,,,,open,turf,12000,2017,,Low,,,,,,,,67.58,,,5440,,,0,,,
louis-crews-stadium,Louis Crews Stadium,,Huntsville,AL,US,34.7835363,-86.5784132,214.9,America/Chicago,,,,open,turf,21000,1996,,Low,,,,,,,,61.65,,,3809,,,0,,,
hornet-stadium,Hornet Stadium,,Montgomery,AL,US,32.3642223,-86.2896902,79.4,America/Chicago,,,,open,turf,26500,2012,,Low,,,,,,,,66.33,,,4582,,,0,,,
bob-ford-field,Bob Ford Field,,Albany,NY,US,42.6808062,-73.8272841,64.4,America/New_York,,,,open,turf,8500,2013,,High,,,,,,,,50.74,,,4419,,,0,,,
jack-spinks-stadium,Jack Spinks Stadium,,Lorman,MS,US,31.873621,-91.13488,72.3,America/Chicago,,,,open,turf,22500,1992,,Low,,,,,,,,67.08,,,3771,,,0,,,
golden-lion-stadium,Golden Lion Stadium,,Pine Bluff,AR,US,34.253327,-92.0214031,67.7,America/Chicago,,,,open,turf,16000,2000,,Low,,,,,,,,64.57,,,3740,,,0,,,
governors-stadium,Governors Stadium,,Clarksville,TN,US,36.5362559,-87.3525507,142.9,America/Chicago,,,,open,turf,10100,1946,,Mid,,,,,,,,59.96,,,3742,,,0,,,
municipal-stadium,Municipal Stadium,,Daytona Beach,FL,US,29.173466,-81.117511,9.5,America/New_York,,,,open,turf,10000,1979,,High,,,,,,,,71.74,,,3850,,,0,,,
brown-stadium,Brown Stadium,,Providence,RI,US,41.842114,-71.3939416,33.9,America/New_York,,,,open,turf,20000,1925,,High,,,,,,,,52.9,,,3656,,,0,,,
bulldog-stadium-smithfield,Bulldog Stadium,,Smithfield,RI,US,41.924206,-71.5385124,124.5,America/New_York,,,,open,turf,4400,1999,,High,,,,,,,,51.85,,,3661,,,0,,,
christy-mathewson-memorial-stadium,Christy Mathewson-Memorial Stadium,,Lewisburg,PA,US,40.9519411,-76.884752,151.2,America/New_York,,,,open,turf,13100,1924,,High,,,,,,,,53.28,,,3676,,,0,,,
butler-bowl,Butler Bowl,,Indianapolis,IN,US,39.8444694,-86.1659242,221.2,America/Indiana/Indianapolis,,,,open,turf,5647,1928,,Mid,,,,,,,,54.51,,,3664,,,0,,,
alex-g-spanos-stadium,Alex G. Spanos Stadium,,San Luis Obispo,CA,US,35.2984123,-120.6650005,84.7,America/Los_Angeles,,,,open,grass,11075,2006,,High,,,,,,,,58.7,,,1027,,,0,,,
barker-lane-stadium,Barker-Lane Stadium,,Buies Creek,NC,US,35.4047689,-78.7424842,56.5,America/New_York,,,,open,turf,5500,2008,,High,,,,,,,,62.53,,,3629,,,0,,,
estes-stadium,Estes Stadium,,Conway,AR,US,35.0802599,-92.460045,94.3,America/Chicago,,,,open,turf,10000,1939,,Mid,,,,,,,,62.82,,,3711,,,0,,,
arute-field,Arute Field,,New Britain,CT,US,41.6950591,-72.7616197,41.3,America/New_York,,,,open,turf,5500,1969,,High,,,,,,,,52.66,,,3624,,,0,,,
buccaneer-field,Buccaneer Field,,North Charleston,SC,US,32.9810239,-80.0659664,12.7,America/New_York,,,,open,turf,4000,1970,,Low,,,,,,,,66.12,,,3658,,,0,,,
finley-stadium,Finley Stadium,,Chattanooga,TN,US,35.0363792,-85.3158835,200.2,America/New_York,,,,open,turf,20668,1997,,Mid,,,,,,,,61.38,,,3720,,,0,,,
johnson-hagood-stadium,Johnson Hagood Stadium,,Charleston,SC,US,32.7936975,-79.9558183,4.1,America/New_York,,,,open,grass,11427,1948,,Low,,,,,,,,66.26,,,3782,,,0,,,
andy-kerr-stadium,Andy Kerr Stadium,,Hamilton,NY,US,42.8168991,-75.5452721,337.1,America/New_York,,,,open,turf,10221,1966,,High,,,,,,,,47.85,,,3617,,,0,,,
lawrence-a-wien-stadium,Lawrence A. Wien Stadium,,Manhattan,NY,US,40.8732697,-73.9164594,11,America/New_York,,,,open,turf,17000,1984,,High,,,,,,,,54.7,,,3802,,,0,,,
schoellkopf-field,Schoellkopf Field,,Ithaca,NY,US,42.4439016,-76.4785398,257.3,America/New_York,,,,open,turf,21500,1915,,High,,,,,,,,50.04,,,3921,,,0,,,
memorial-field,Memorial Field,,Hanover,NH,US,43.701302,-72.2842781,152.3,America/New_York,,,,open,turf,11000,1923,,High,,,,,,,,47.57,,,3826,,,0,,,
richardson-stadium,Richardson Stadium,,Davidson,NC,US,35.4995744,-80.8428419,249.5,America/New_York,,,,open,turf,6000,1923,,High,,,,,,,,61.16,,,3897,,,0,,,
welcome-stadium,Welcome Stadium,,Dayton,OH,US,39.7369239,-84.1981068,222.4,America/New_York,,,,open,turf,11000,1949,,High,,,,,,,,54.68,,,3988,,,0,,,
delaware-stadium,Delaware Stadium,,Newark,DE,US,39.661726,-75.748824,29.8,America/New_York,174.5,N-S,osm_pitch,open,turf,22000,1952,,High,,,6.01,6.68,7.14,6.92,7.58,56.49,,way/48373255,3695,,,0,epqs,osm_pitch,
alumni-stadium-dover,Alumni Stadium,,Dover,DE,US,39.189375,-75.5433185,11,America/New_York,,,,open,turf,7193,1980,,High,,,,,,,,57.78,,,3613,,,0,,,
drake-stadium,Drake Stadium,,Des Moines,IA,US,41.605,-93.655,277.9,America/Chicago,,,,open,turf,14557,1925,,Mid,,,,,,,,51.98,,,3701,,,0,,,
arthur-j-rooney-athletic-field,Arthur J. Rooney Athletic Field,,Pittsburgh,PA,US,40.4355808,-79.9900263,269.4,America/New_York,,,,open,turf,2200,1993,,High,,,,,,,,53.5,,,3623,,,0,,,
william-b-greene-jr-stadium,William B. Greene Jr. Stadium,,Johnson City,TN,US,36.299084,-82.374117,512.5,America/New_York,,,,open,turf,7694,2017,,High,,,,,,,,57.61,,,5400,,,0,,,
obrien-stadium,O'Brien Stadium,,Charleston,IL,US,39.4804965,-88.1811618,213,America/Chicago,,,,open,turf,10000,1970,,Mid,,,,,,,,54.86,,,3858,,,0,,,
roy-kidd-stadium,Roy Kidd Stadium,,Richmond,KY,US,37.7344109,-84.2972854,298.2,America/New_York,,,,open,turf,20000,1969,,High,,,,,,,,56.77,,,3908,,,0,,,
roos-field,Roos Field,,Cheney,WA,US,47.49278,-117.587353,750.3,America/Los_Angeles,,,,open,turf,8500,1967,,High,,,,,,,,48.81,,,3906,,,0,,,
rhodes-stadium,Rhodes Stadium,,Elon,NC,US,36.1101269,-79.5079979,204.2,America/New_York,,,,open,grass,14000,2001,,High,,,,,,,,60,,,3894,,,0,,,
bragg-memorial-stadium,Bragg Memorial Stadium,,Tallahassee,FL,US,30.4261632,-84.2923095,31.2,America/New_York,,,,open,turf,25500,1957,,Low,,,,,,,,68.26,,,3650,,,0,,,
jack-coffey-field,Jack Coffey Field,,Bronx,NY,US,40.8466508,-73.8785937,22,America/New_York,,,,open,,7000,,,High,,,,,,,,54.57,,,150,,,0,,,
paladin-stadium,Paladin Stadium,,Greenville,SC,US,34.920192,-82.4370917,303.3,America/New_York,,,,open,turf,16000,1981,,High,,,,,,,,60.42,,,3868,,,0,,,
ernest-w-spangler-stadium,Ernest W. Spangler Stadium,,Boiling Springs,NC,US,35.2457593,-81.6739887,253.2,America/New_York,,,,open,turf,9000,1969,,High,,,,,,,,61.01,,,3710,,,0,,,
cooper-field,Cooper Field,,Washington,DC,US,38.9080248,-77.0753144,32.4,America/New_York,,,,open,turf,3750,2003,,High,,,,,,,,57.71,,,3847,,,0,,,
eddie-robinson-stadium,Eddie Robinson Stadium,,Grambling,LA,US,32.5258665,-92.7146412,94.6,America/Chicago,,,,open,turf,19600,1983,,Low,,,,,,,,66.53,,,3902,,,0,,,
armstrong-stadium,Armstrong Stadium,,Hampton,VA,US,37.0200894,-76.3331555,2.6,America/New_York,,,,open,turf,12000,1928,,High,,,,,,,,61.55,,,3620,,,0,,,
harvard-stadium,Harvard Stadium,,Boston,MA,US,42.366704,-71.1267511,2,America/New_York,,,,open,turf,30323,1903,,High,,,,,,,,52.27,,,3750,,,0,,,
fitton-field,Fitton Field,,Worcester,MA,US,42.2403564,-71.8111424,137.4,America/New_York,,,,open,grass,23500,1924,,High,,,,,,,,51.31,,,3722,,,0,,,
husky-stadium-houston,Husky Stadium,,Houston,TX,US,29.6949025,-95.5167353,19.9,America/Chicago,,,,open,turf,5000,2014,,Low,,,,,,,,70.46,,,4424,,,0,,,
william-h-greene-stadium,William H. Greene Stadium,,Washington,DC,US,38.925487,-77.021047,53.5,America/New_York,,,,open,turf,10000,1926,,High,,,,,,,,57.45,,,3990,,,0,,,
kibbie-dome,Kibbie Dome,,Moscow,ID,US,46.7262921,-117.0173713,794.5,America/Los_Angeles,,,,dome,turf,16000,1975,,High,,,,,,,,49.46,,,3791,,,0,,,
holt-arena,Holt Arena,,Pocatello,ID,US,42.8702052,-112.4281274,1390.3,America/Boise,,,,dome,turf,12000,1970,,High,,,,,,,,48.24,,,1930,,,0,,,
hancock-stadium,Hancock Stadium,,Normal,IL,US,40.5125091,-88.9967177,242.9,America/Chicago,,,,open,turf,15000,1963,,Mid,,,,,,,,53.1,,,3744,,,0,,,
gayle-and-tom-benson-stadium,Gayle and Tom Benson Stadium,,San Antonio,TX,US,29.4674787,-98.470014,208.5,America/Chicago,,,,open,turf,6000,2008,,Low,,,,,,,,70.74,,,3734,,,0,,,
memorial-stadium-terre-haute,Memorial Stadium,,Terre Haute,IN,US,39.4746858,-87.3669599,155.5,America/Indiana/Indianapolis,,,,open,turf,12764,1925,,Mid,,,,,,,,55.49,,,3829,,,0,,,
mississippi-veterans-memorial-stadium,Mississippi Veterans Memorial Stadium,,Jackson,MS,US,32.3300053,-90.1795578,108.4,America/Chicago,,,,open,grass,44215,1941,,Low,,,,,,,,65.26,,,3976,,,0,,,
fisher-field,Fisher Field,,Easton,PA,US,40.7009796,-75.2106499,81.4,America/New_York,,,,open,turf,13132,1926,,High,,,,,,,,53.94,,,3721,,,0,,,
provost-umphrey-stadium,Provost Umphrey Stadium,,Beaumont,TX,US,30.04313,-94.069963,4,America/Chicago,,,,open,turf,16000,1964,,Low,,,,,,,,69.7,,,3882,,,0,,,
goodman-stadium,Goodman Stadium,,Bethlehem,PA,US,40.5890837,-75.3553874,90.3,America/New_York,,,,open,turf,16000,1988,,High,,,,,,,,54.29,,,3741,,,0,,,
hunter-stadium,Hunter Stadium,,Saint Charles,MO,US,38.7946252,-90.519829,159,America/Chicago,,,,open,,7450,,,Mid,,,,,,,,56.85,,,3749,,,0,,,
alfond-stadium,Alfond Stadium,,Orono,ME,US,44.905128,-68.6724718,35.5,America/New_York,,,,open,turf,10000,1998,,High,,,,,,,,47.2,,,3607,,,0,,,
leonidoff-field,Leonidoff Field,,Poughkeepsie,NY,US,41.7191409,-73.9329549,24.9,America/New_York,,,,open,turf,5000,1968,,High,,,,,,,,52.79,,,36,,,0,,,
cowboy-stadium,Cowboy Stadium,,Lake Charles,LA,US,30.1804575,-93.2178729,4.2,America/Chicago,,,,open,turf,17610,1965,,Low,,,,,,,,69.38,,,3686,,,0,,,
five-star-stadium-at-the-moye-complex,Five Star Stadium at the Moye Complex,,Macon,GA,US,32.8262075,-83.6522485,138.7,America/New_York,,,,open,turf,10200,2013,,Low,,,,,,,,64.83,,,4417,,,0,,,
saxon-stadium,Saxon Stadium,,Erie,PA,US,42.1294712,-80.0852695,198,America/New_York,,,,open,,2300,,,High,,,,,,,,51.48,,,4428,,,0,,,
duane-stadium,Duane Stadium,,North Andover,MA,US,42.6839894,-71.1127065,63,America/New_York,,,,open,,3500,,,High,,,,,,,,50.85,,,6048,,,0,,,
rice-totten-field,Rice-Totten Field,,Itta Bena,MS,US,33.5118304,-90.3397718,39.9,America/Chicago,,,,open,grass,10000,1958,,Low,,,,,,,,65.25,,,3896,,,0,,,
plaster-sports-complex,Plaster Sports Complex,,Springfield,MO,US,37.19763,-93.279851,402.4,America/Chicago,0.8,N-S,osm_pitch,open,turf,17337,1941,,Mid,,,6.24,7.55,7.83,7.96,7.85,57.25,Q7202020,way/134103670,3878,,,0,epqs,osm_pitch,
kessler-stadium,Kessler Stadium,,West Long Branch,NJ,US,40.278953,-74.009451,9.9,America/New_York,,,,open,turf,4200,1993,,High,,,,,,,,55.89,,,5389,,,0,,,
washington-grizzly-stadium,Washington-Grizzly Stadium,,Missoula,MT,US,46.8638753,-113.9815042,970.3,America/Denver,,,,open,turf,25217,1986,,High,,,,,,,,47.64,,,3987,,,0,,,
bobcat-stadium,Bobcat Stadium,,Bozeman,MT,US,45.659048,-111.049547,1507.5,America/Denver,,,,open,turf,17000,1973,,High,,,,,,,,42.68,,,3643,,,0,,,
jayne-stadium,Jayne Stadium,,Morehead,KY,US,38.1916481,-83.4253315,228.1,America/New_York,,,,open,turf,10000,1964,,High,,,,,,,,56.93,,,3774,,,0,,,
hughes-stadium,Hughes Stadium,,Baltimore,MD,US,39.3439778,-76.5829573,67.1,America/New_York,,,,open,turf,10000,1949,,High,,,,,,,,56.23,,,3762,,,0,,,
roy-stewart-stadium,Roy Stewart Stadium,,Murray,KY,US,36.6215165,-88.3175531,152.6,America/Chicago,,,,open,turf,16800,1973,,Mid,,,,,,,,59.89,,,3909,,,0,,,
wildcat-stadium,Wildcat Stadium,,Durham,NH,US,43.1386231,-70.9393077,19.1,America/New_York,,,,open,turf,11015,1936,,High,,,,,,,,50.46,,,3688,,,0,,,
manning-field-at-john-l-guidry-stadium,Manning Field at John L. Guidry Stadium,,Thibodaux,LA,US,29.7867254,-90.80455,3.2,America/Chicago,,,,open,turf,10500,1972,,High,,,,,,,,69.48,,,3779,,,0,,,
william-dick-price-stadium,"William Dick"""" Price Stadium""""",,Norfolk,VA,US,36.8469442,-76.2600839,4.9,America/New_York,,,,open,turf,30000,1997,,High,,,,,,,,61.33,,,3991,,,0,,,
braly-municipal-stadium,Braly Municipal Stadium,,Florence,AL,US,34.810914,-87.670587,172.3,America/Chicago,,,,open,turf,14215,1949,,Low,,,,,,,,62.36,,,4133,,,0,,,
aggie-stadium,Aggie Stadium,,Greensboro,NC,US,36.0814337,-79.7700391,235.1,America/New_York,,,,open,grass,21500,1981,,High,,,,,,,,60.18,,,3603,,,0,,,
okelly-riddick-stadium,O'Kelly-Riddick Stadium,,Durham,NC,US,35.9738646,-78.896969,96.7,America/New_York,,,,open,turf,10000,1975,,High,,,,,,,,61.42,,,3862,,,0,,,
alerus-center,Alerus Center,,Grand Forks,ND,US,47.910622,-97.090996,255.2,America/Chicago,,,,dome,turf,12283,2001,,Mid,,,,,,,,42.5,,,3605,,,0,,,
fargodome,Fargodome,,Fargo,ND,US,46.9029938,-96.8003251,274.5,America/Chicago,,,,dome,turf,18700,1992,,Mid,,,,,,,,44.57,,,3714,,,0,,,
walkup-skydome,Walkup Skydome,,Flagstaff,AZ,US,35.1805483,-111.6528377,2097.9,America/Phoenix,,,,dome,turf,10000,1977,,High,,,,,,,,49.49,,,2023,,,0,,,
nottingham-field,Nottingham Field,,Greeley,CO,US,40.403493,-104.705139,1455.3,America/Denver,,,,open,grass,8500,1995,,Mid,,,,,,,,50.44,,,3856,,,0,,,
uni-dome,UNI-Dome,,Cedar Falls,IA,US,42.5156111,-92.4672307,281.9,America/Chicago,,,,dome,turf,16324,1976,,Mid,,,,,,,,50.08,,,3967,,,0,,,
harry-turpin-stadium,Harry Turpin Stadium,,Natchitoches,LA,US,31.747259,-93.0961357,36.6,America/Chicago,,,,open,turf,15971,1976,,Low,,,,,,,,67.82,,,3963,,,0,,,
franklin-field,Franklin Field,,Philadelphia,PA,US,39.9501475,-75.1901043,11.7,America/New_York,,,,open,turf,52593,1895,,High,,,,,,,,56.58,,,3730,,,0,,,
hillsboro-stadium,Hillsboro Stadium,,Portland,OR,US,45.554597,-122.90694,65.4,America/Los_Angeles,,,,open,turf,7600,1999,,High,,,,,,,,53.03,,,4765,,,0,,,
panther-stadium,Panther Stadium,,Prairie View,TX,US,30.0937874,-95.9960913,77.4,America/Chicago,,,,open,grass,15000,2016,,Low,,,,,,,,69.62,,,5238,,,0,,,
bailey-memorial-stadium,Bailey Memorial Stadium,,Clinton,SC,US,34.46158,-81.861368,194.2,America/New_York,,,,open,grass,6500,2002,,High,,,,,,,,62.6,,,3627,,,0,,,
princeton-university-stadium,Princeton University Stadium,,Princeton,NJ,US,40.3457928,-74.6500047,32,America/New_York,,,,open,turf,27800,1998,,High,,,,,,,,55.59,,,3881,,,0,,,
meade-stadium,Meade Stadium,,Kingston,RI,US,41.4879984,-71.5347458,32.7,America/New_York,,,,open,grass,8000,1928,,High,,,,,,,,52.81,,,3824,,,0,,,
e-claiborne-robins-stadium,E. Claiborne Robins Stadium,,Richmond,VA,US,37.5807765,-77.5372211,60,America/New_York,,,,open,turf,8217,2010,,High,,,,,,,,59.88,,,2068,,,0,,,
joe-walton-stadium,Joe Walton Stadium,,Moon Township,PA,US,40.521046,-80.2159227,351.4,America/New_York,,,,open,turf,3000,2005,,High,,,,,,,,52.37,,,3777,,,0,,,
hornet-stadium-sacramento,Hornet Stadium,,Sacramento,CA,US,38.5556718,-121.4229607,12.3,America/Los_Angeles,,,,open,turf,21195,1969,,High,,,,,,,,61.63,,,3757,,,0,,,
campus-field,Campus Field,,Fairfield,CT,US,41.2212488,-73.2417431,82,America/New_York,,,,open,turf,3334,1993,,High,,,,,,,,52.81,,,3668,,,0,,,
seibert-stadium,Seibert Stadium,,Homewood,AL,US,33.463273,-86.795326,208,America/Chicago,,,,open,turf,6700,1958,,Low,,,,,,,,63.43,,,3925,,,0,,,
torero-stadium,Torero Stadium,,San Diego,CA,US,32.7730674,-117.183721,58,America/Los_Angeles,,,,open,grass,6000,1961,,Low,,,,,,,,61.88,,,716,,,0,,,
oliver-c-dawson-stadium,Oliver C. Dawson Stadium,,Orangeburg,SC,US,33.4986313,-80.8446857,67.3,America/New_York,,,,open,turf,22000,1955,,Low,,,,,,,,65.82,,,3864,,,0,,,
dakotadome,DakotaDome,,Vermillion,SD,US,42.7911218,-96.9278427,373.4,America/Chicago,,,,dome,turf,9100,1979,,Mid,,,,,,,,51.08,,,1905,,,0,,,
dana-j-dykhouse-stadium,Dana J. Dykhouse Stadium,,Brookings,SD,US,44.3210182,-96.7801386,495.8,America/Chicago,,,,open,turf,19340,2016,,Mid,,,,,,,,46.7,,,5237,,,0,,,
houck-field,Houck Field,,Cape Girardeau,MO,US,37.3034933,-89.5230357,122,America/Chicago,,,,open,,10000,,,Mid,,,,,,,,58.81,,,7003,,,0,,,
strawberry-stadium,Strawberry Stadium,,Hammond,LA,US,30.5110264,-90.4685792,13.7,America/Chicago,,,,open,turf,7408,1936,,Low,,,,,,,,68.27,,,3944,,,0,,,
ace-w-mumford-stadium,Ace W. Mumford Stadium,,Baton Rouge,LA,US,30.5221461,-91.1896087,20.2,America/Chicago,,,,open,turf,28500,1928,,Low,,,,,,,,68.7,,,3599,,,0,,,
saluki-stadium,Saluki Stadium,,Carbondale,IL,US,37.708637,-89.216212,126.8,America/Chicago,,,,open,turf,15000,2010,,Mid,,,,,,,,58.65,,,3913,,,0,,,
eccles-coliseum,Eccles Coliseum,,Cedar City,UT,US,37.6757919,-113.0773938,1764,America/Denver,,,,open,turf,10000,1967,,High,,,,,,,,50.65,,,3706,,,0,,,
degol-field,DeGol Field,,Loretto,PA,US,40.5063173,-78.637214,586.9,America/New_York,,,,open,turf,3500,2006,,High,,,,,,,,49.41,,,3694,,,0,,,
oshaughnessy-stadium,O'Shaughnessy Stadium,,Saint Paul,MN,US,44.9497487,-93.0931028,237,America/Chicago,,,,open,,5025,,,Mid,,,,,,,,47.28,,,5116,,,0,,,
homer-bryce-stadium,Homer Bryce Stadium,,Nacogdoches,TX,US,31.625719,-94.6444034,90,America/Chicago,,,,open,turf,14575,1973,,Low,,,,,,,,68.07,,,3756,,,0,,,
spec-martin-municipal-stadium,Spec Martin Municipal Stadium,,DeLand,FL,US,29.0208575,-81.2993746,14.7,America/New_York,,,,open,,6000,1941,,High,,,,,,,,71.79,,,4416,,,0,,,
wb-mason-stadium,W.B. Mason Stadium,,North Easton,MA,US,42.0667665,-71.1036592,45,America/New_York,,,,open,,2400,,,High,,,,,,,,52.23,,,6075,,,0,,,
kenneth-p-lavalle-stadium,Kenneth P. LaValle Stadium,,Stony Brook,NY,US,40.9188829,-73.1242966,32.6,America/New_York,,,,open,turf,12300,2002,,High,,,,,,,,54.66,,,3788,,,0,,,
memorial-stadium-stephenville-tx,"Memorial Stadium (Stephenville, TX)",,Stephenville,TX,US,32.2191836,-98.2130634,402,America/Chicago,,,,open,,12000,,,Low,,,,,,,,66.93,,,3827,,,0,,,
tucker-stadium,Tucker Stadium,,Cookeville,TN,US,36.1780555,-85.506183,340.9,America/Chicago,,,,open,turf,16500,1966,,Mid,,,,,,,,58.66,,,3962,,,0,,,
memorial-stadium-commerce-tx,Memorial Stadium (Commerce TX),,Commerce,TX,US,33.2442615,-95.9006353,171,America/Chicago,,,,open,,11582,,,Low,,,,,,,,65.86,,,4762,,,0,,,
bbva-compass-stadium,BBVA Compass Stadium,,Houston,TX,US,29.7521988,-95.3524146,13.7,America/Chicago,,,,open,grass,22000,2012,,Low,,,,,,,,70.18,,,3631,,,0,,,
johnny-unitas-stadium,Johnny Unitas Stadium,,Towson,MD,US,39.3885683,-76.6159716,117.7,America/New_York,,,,open,turf,11200,1978,,High,,,,,,,,55.68,,,3781,,,0,,,
aggie-stadium-davis,Aggie Stadium,,Davis,CA,US,38.5365266,-121.7627936,11.4,America/Los_Angeles,,,,open,turf,10743,2007,,High,,,,,,,,62.21,,,3602,,,0,,,
graham-stadium,Graham Stadium,,Martin,TN,US,36.3448341,-88.8616245,124.7,America/Chicago,,,,open,turf,7500,1964,,Mid,,,,,,,,60.73,,,3748,,,0,,,
greater-zion-stadium,Greater Zion Stadium,,Saint George,UT,US,37.1098868,-113.5674494,860,America/Denver,,,,open,,10500,,,High,,,,,,,,64.26,,,3745,,,0,,,
alumni-memorial-field,Alumni Memorial Field,,Lexington,VA,US,37.788983,-79.43505,295,America/New_York,,,,open,grass,10000,1962,,High,,,,,,,,56.39,,,3597,,,0,,,
brown-field,Brown Field,,Valparaiso,IN,US,41.465642,-87.0479446,244.6,America/Chicago,,,,open,turf,5000,1919,,Mid,,,,,,,,51.54,,,3655,,,0,,,
villanova-stadium,Villanova Stadium,,Villanova,PA,US,40.0343329,-75.3367666,127.4,America/New_York,,,,open,turf,12500,1927,,High,,,,,,,,55.05,,,717,,,0,,,
wagner-college-stadium,Wagner College Stadium,,Staten Island,NY,US,40.614688,-74.090639,63.4,America/New_York,,,,open,turf,3300,1967,,High,,,,,,,,54.47,,,3979,,,0,,,
stewart-stadium,Stewart Stadium,,Ogden,UT,US,41.1918741,-111.9401391,1451.6,America/Denver,,,,open,turf,17500,1966,,High,,,,,,,,48.26,,,3942,,,0,,,
university-stadium-ga,University Stadium (GA),,Carrollton,GA,US,33.5801103,-85.0766113,337,America/New_York,,,,open,,10000,,,Low,,,,,,,,61.56,,,5888,,,0,,,
e-j-whitmire-stadium,E. J. Whitmire Stadium,,Cullowhee,NC,US,35.3048352,-83.1818148,653.9,America/New_York,,,,open,turf,13742,1974,,High,,,,,,,,56.57,,,3704,,,0,,,
hanson-field,Hanson Field,,Macomb,IL,US,40.4683928,-90.6841248,192.9,America/Chicago,,,,open,turf,16368,1950,,Mid,,,,,,,,53.84,,,3746,,,0,,,
zable-stadium,Zable Stadium,,Williamsburg,VA,US,37.2730996,-76.7137202,26.1,America/New_York,,,,open,turf,12400,1935,,High,,,,,,,,60.45,,,3998,,,0,,,
gibbs-stadium,Gibbs Stadium,,Spartanburg,SC,US,34.9618606,-81.9328915,231.6,America/New_York,,,,open,grass,13000,1996,,High,,,,,,,,61.69,,,3737,,,0,,,
yale-bowl,Yale Bowl,,New Haven,CT,US,41.3132441,-72.9605333,5.3,America/New_York,,,,open,turf,61446,1914,,High,,,,,,,,53.64,,,3997,,,0,,,
stambaugh-stadium,Stambaugh Stadium,,Youngstown,OH,US,41.1092964,-80.6501885,298.9,America/New_York,,,,open,turf,20630,1982,,High,,,,,,,,52.22,,,844,,,0,,,
rex-stadium,Rex Stadium,,Alamosa,CO,US,37.5780995,-105.7890452,2295,America/Denver,,,,open,,2800,,,High,,,,,,,,44.65,,,5866,,,0,,,
albany-state-university-coliseum,Albany State University Coliseum,,Albany,GA,US,31.5782062,-84.1556809,64,America/New_York,,,,open,,10000,,,Low,,,,,,,,67.61,,,5867,,,0,,,
multi-sport-performance-stadium,Multi-Sport Performance Stadium,,Philippi,WV,US,39.1523198,-80.0403578,397,America/New_York,,,,open,,2500,,,High,,,,,,,,54.2,,,4421,,,0,,,
wc-hawkins-stadium,W.C. Hawkins Stadium,,Columbia,SC,US,34.0007493,-81.0343313,90,America/New_York,,,,open,,3000,,,High,,,,,,,,64.25,,,6217,,,0,,,
ronald-j-abdow-field,Ronald J. Abdow Field,,Springfield,MA,US,42.1018764,-72.5886727,30,America/New_York,,,,open,,4000,,,High,,,,,,,,52.18,,,5868,,,0,,,
legrand-stadium-at-1st-community-credit-union-field,LeGrand Stadium at 1st Community Credit Union Field,,San Angelo,TX,US,31.4649685,-100.4405094,565,America/Chicago,,,,open,,5670,,,Low,,,,,,,,68.34,,,5869,,,0,,,
thone-stadium-at-buerkle-field,Thone Stadium at Buerkle Field,,Russellville,AR,US,35.2784173,-93.1337856,108,America/Chicago,,,,open,,6500,,,Mid,,,,,,,,62.71,,,5870,,,0,,,
convoy-leslie-cotton-boll-stadium,Convoy Leslie Cotton Boll Stadium,,Monticello,AR,US,33.6293427,-91.7912327,91,America/Chicago,,,,open,,3650,,,Low,,,,,,,,64.72,,,5871,,,0,,,
jack-miller-stadium,Jack Miller Stadium,,Ashland,OH,US,40.8686147,-82.3175942,331,America/New_York,,,,open,,6000,,,High,,,,,,,,52.22,,,3770,,,0,,,
multi-sport-stadium,Multi-Sport Stadium,,Worcester,MA,US,42.2625621,-71.8018877,203.4,America/New_York,,,,open,,1200,2005,,High,,,,,,,,51.12,,,3848,,,0,,,
kirkeby-over-stadium,Kirkeby-Over Stadium,,Sioux Falls,SD,US,43.5488256,-96.7307737,434,America/Chicago,,,,open,,6500,,,Mid,,,,,,,,48.73,,,5872,,,0,,,
electric-supply-company-field,Electric Supply Company Field,,Wilson,NC,US,35.7212689,-77.9155395,34,America/New_York,,,,open,,3500,,,High,,,,,,,,62.23,,,7075,,,0,,,
chet-anderson-stadium,Chet Anderson Stadium,,Bemidji,MN,US,47.4785418,-94.8907869,417,America/Chicago,,,,open,,3500,,,Mid,,,,,,,,42.08,,,5874,,,0,,,
charlie-w-johnson-stadium,Charlie W. Johnson Stadium,,Columbia,SC,US,34.0007493,-81.0343313,90,America/New_York,,,,open,,10000,,,High,,,,,,,,64.25,,,5875,,,0,,,
bentley-university-football-stadium,Bentley University Football Stadium,,Waltham,MA,US,42.3756401,-71.2358004,24,America/New_York,,,,open,,4800,,,High,,,,,,,,52.1,,,5876,,,0,,,
lyle-hare-stadium,Lyle Hare Stadium,,Spearfish,SD,US,44.490817,-103.85937,1110,America/Denver,,,,open,,4200,,,Mid,,,,,,,,49.19,,,5877,,,0,,,
robert-b-redman-stadium,Robert B. Redman Stadium,,Bloomsburg,PA,US,41.0044958,-76.4537302,168,America/New_York,,,,open,,5000,,,High,,,,,,,,52.85,,,4435,,,0,,,
mitchell-stadium,Mitchell Stadium,,Bluefield,WV,US,37.2698395,-81.2223195,783,America/New_York,,,,open,,10000,,,High,,,,,,,,52.47,,,6221,,,0,,,
bulldogs-stadium,Bulldogs Stadium,,Bowie,MD,US,38.9424464,-76.7301718,39,America/New_York,,,,open,,2964,,,High,,,,,,,,57.11,,,5873,,,0,,,
adamson-stadium,Adamson Stadium,,Brownsville,PA,US,40.0236854,-79.8839357,231,America/New_York,,,,open,,6500,,,High,,,,,,,,54.19,,,4436,,,0,,,
burke-tarr-stadium,Burke-Tarr Stadium,,Jefferson City,TN,US,36.122311,-83.4923961,370,America/New_York,,,,open,,6500,,,High,,,,,,,,59.11,,,3663,,,0,,,
shuford-stadium,Shuford Stadium,,Salisbury,NC,US,35.6709727,-80.4742261,233,America/New_York,,,,open,,5000,,,High,,,,,,,,60.59,,,5122,,,0,,,
audrey-j-walton-stadium-at-vernon-kennedy-field,Audrey J. Walton Stadium at Vernon Kennedy Field,,Warrensburg,MO,US,38.7624373,-93.7409596,256,America/Chicago,,,,open,,12000,,,Mid,,,,,,,,56.67,,,4724,,,0,,,
wantland-stadium,Wantland Stadium,,Edmond,OK,US,35.6571367,-97.4649038,371,America/Chicago,,,,open,,10000,,,Mid,,,,,,,,62.06,,,5878,,,0,,,
mcpherson-memorial-stadium,McPherson Memorial Stadium,,Xenia,OH,US,39.6847822,-83.9296526,287,America/New_York,,,,open,,7000,,,High,,,,,,,,54.04,,,4749,,,0,,,
tomlinson-stadium,Tomlinson Stadium,,Ellensburg,WA,US,46.9970635,-120.545122,472,America/Los_Angeles,,,,open,,4000,,,High,,,,,,,,50.37,,,5879,,,0,,,
elliott-field-at-don-beebe-stadium,Elliott Field at Don Beebe Stadium,,Chadron,NE,US,42.8309807,-103.0003729,1029,America/Denver,,,,open,,3500,,,Mid,,,,,,,,50.11,,,5880,,,0,,,
university-of-charleston-stadium,University of Charleston Stadium,,Charleston,WV,US,38.3505995,-81.6332812,191,America/New_York,,,,open,,18500,,,High,,,,,,,,57.16,,,5121,,,0,,,
garrison-stadium,Garrison Stadium,,Murfreesboro,TN,US,36.434053,-77.098431,18.7,America/New_York,,,,open,,5000,2007,,High,,,,,,,,61.6,,,5220,,,0,,,
memorial-stadium-clarion-pa,"Memorial Stadium (Clarion, PA)",,Clarion,PA,US,41.2148975,-79.3857047,454,America/New_York,,,,open,,5000,,,High,,,,,,,,49.6,,,4437,,,0,,,
cau-panther-stadium,CAU Panther Stadium,,Atlanta,GA,US,33.7489924,-84.3902644,317,America/New_York,,,,open,,5000,,,Low,,,,,,,,61.64,,,5881,,,0,,,
ralph-stocker-stadium,Ralph Stocker Stadium,,Grand Junction,CO,US,39.063956,-108.5507317,1398,America/Denver,,,,open,,8000,,,High,,,,,,,,54.99,,,5882,,,0,,,
marv-kay-stadium-at-campbell-field,Marv Kay Stadium at Campbell Field,,Golden,CO,US,39.7546349,-105.2205809,1735,America/Denver,,,,open,,4000,,,High,,,,,,,,48.77,,,5883,,,0,,,
neta-and-eddie-derose-thunderbowl,Neta and Eddie DeRose ThunderBowl,,Pueblo,CO,US,38.2544472,-104.609141,1421,America/Denver,,,,open,,6500,,,Mid,,,,,,,,55.34,,,4852,,,0,,,
callaghan-stadium,Callaghan Stadium,,Princeton,WV,US,37.366328,-81.1026607,743,America/New_York,,,,open,,2000,,,High,,,,,,,,52.86,,,3667,,,0,,,
sea-foam-stadium,Sea Foam Stadium,,Saint Paul,MN,US,44.9497487,-93.0931028,237,America/Chicago,,,,open,,3500,,,Mid,,,,,,,,47.28,,,5933,,,0,,,
farmers-insurance-athletic-complex,Farmers Insurance Athletic Complex,,Caledonia,MI,US,37.763382,-90.7729061,285,America/Chicago,,,,open,,2000,,,Mid,,,,,,,,57.15,,,5934,,,0,,,
parker-field-at-mccool-stadium,Parker Field at McCool Stadium,,Cleveland,MS,US,33.7440023,-90.7248187,46,America/Chicago,,,,open,,8125,,,Low,,,,,,,,64.73,,,5935,,,0,,,
koi-ishto-stadium,Koi Ishto Stadium,,Ada,OK,US,34.7743383,-96.6783651,310,America/Chicago,,,,open,,5000,,,Low,,,,,,,,63.23,,,5936,,,0,,,
eiler-martin-stadium,Eiler-Martin Stadium,,East Stroudsburg,PA,US,40.9995386,-75.1812913,134,America/New_York,,,,open,,6000,,,High,,,,,,,,52.92,,,4439,,,0,,,
al-whitehead-field-at-greyhound-stadium,Al Whitehead Field at Greyhound Stadium,,Portales,NM,US,34.1861922,-103.334397,1222,America/Denver,,,,open,,4000,,,Low,,,,,,,,61.43,,,5938,,,0,,,
sox-harrison-stadium,Sox Harrison Stadium,,Edinboro,PA,US,41.8742225,-80.1317236,371,America/New_York,,,,open,,6000,,,High,,,,,,,,49.51,,,4440,,,0,,,
earl-kitchings-stadium,Earl Kitchings Stadium,,Jacksonville,FL,US,30.3321838,-81.655651,6,America/New_York,,,,open,,8000,,,Low,,,,,,,,69.83,,,3705,,,0,,,
roebuck-stadium,Roebuck Stadium,,Elizabeth City,NC,US,36.2956836,-76.2247697,3,America/New_York,,,,open,,3500,,,High,,,,,,,,61.82,,,5941,,,0,,,
fred-selfe-stadium-at-nicewonder-field,Fred Selfe Stadium at Nicewonder Field,,Meadowview,VA,US,37.3065238,-80.0267067,322,America/New_York,,,,open,,5500,,,High,,,,,,,,57.17,,,5840,,,0,,,
francis-g-welch-stadium,Francis G. Welch Stadium,,Emporia,KS,US,38.4040054,-96.181623,352,America/Chicago,,,,open,,10000,,,Mid,,,,,,,,57.54,,,5942,,,0,,,
jw-babb-stadium,J.W. Babb Stadium,,Greenwood,SC,US,34.1954001,-82.1617883,205,America/New_York,,,,open,,4000,,,High,,,,,,,,62.88,,,7076,,,0,,,
duvall-rosier-field,Duvall-Rosier Field,,Fairmont,WV,US,39.4850848,-80.1425781,298,America/New_York,,,,open,,5000,,,High,,,,,,,,54.03,,,5943,,,0,,,
luther-nick-jeralds-stadium,"Luther ""Nick"" Jeralds Stadium",,Fayetteville,NC,US,35.0525759,-78.878292,40,America/New_York,,,,open,,5520,,,High,,,,,,,,63.39,,,3813,,,0,,,
top-taggart-field,Top Taggart Field,,Big Rapids,MI,US,43.698078,-85.483656,284,America/Detroit,,,,open,,6200,,,Mid,,,,,,,,48.33,,,3960,,,0,,,
donnell-stadium,Donnell Stadium,,Findlay,OH,US,41.0413873,-83.6503982,234,America/New_York,,,,open,,7500,,,High,,,,,,,,52.86,,,3698,,,0,,,
lewis-field-stadium,Lewis Field Stadium,,Hays,KS,US,38.8791783,-99.3267702,616,America/Chicago,,,,open,,6362,,,Mid,,,,,,,,56.54,,,5890,,,0,,,
ray-dennison-memorial-field,Ray Dennison Memorial Field,,Durango,CO,US,37.2395367,-107.8215818,2073,America/Denver,,,,open,,4000,,,High,,,,,,,,45.7,,,5944,,,0,,,
wildcat-stadium-ga,Wildcat Stadium (GA),,Fort Valley,GA,US,32.5537585,-83.8874084,160,America/New_York,,,,open,,10000,,,Low,,,,,,,,65.63,,,5945,,,0,,,
bobcat-stadium-md,Bobcat Stadium (MD),,Frostburg,MD,US,39.6581425,-78.928357,636,America/New_York,,,,open,,4000,,,High,,,,,,,,50.54,,,3642,,,0,,,
mcconnell-family-stadium,McConnell Family Stadium,,Erie,PA,US,42.1294712,-80.0852695,198,America/New_York,,,,open,,2500,,,High,,,,,,,,51.48,,,4441,,,0,,,
il-sue-morris-stadium,I.L. & Sue Morris Stadium,,Glenville,WV,US,38.9342573,-80.8376033,222,America/New_York,,,,open,,2800,,,High,,,,,,,,55.83,,,5887,,,0,,,
lubbers-stadium,Lubbers Stadium,,Allendale,MI,US,42.968996,-85.894735,205.8,America/Detroit,,,,open,turf,10444,1973,,Mid,,,,,,,,50.22,,,3811,,,0,,,
first-security-stadium,First Security Stadium,,Searcy,AR,US,35.9018987,-92.7098744,274,America/Chicago,,,,open,,5854,,,Mid,,,,,,,,60.73,,,5885,,,0,,,
ruggles-field-at-carpenter-haygood-stadium,Ruggles Field at Carpenter-Haygood Stadium,,Arkadelphia,AR,US,34.1209292,-93.053784,76,America/Chicago,,,,open,,9600,,,Low,,,,,,,,64.25,,,5113,,,0,,,
frank-muddy-waters-stadium,"Frank ""Muddy"" Waters Stadium",,Hillsdale,MI,US,41.8779105,-84.5984396,347,America/Detroit,,,,open,,8500,,,High,,,,,,,,50.01,,,3729,,,0,,,
george-p-miller-stadium,George P. Miller Stadium,,Indiana,PA,US,40.6214551,-79.1525349,402,America/New_York,,,,open,,6000,,,High,,,,,,,,51.4,,,4433,,,0,,,
key-stadium,Key Stadium,,Indianapolis,IN,US,39.7683331,-86.1583502,219,America/Indiana/Indianapolis,,,,open,,5500,,,Mid,,,,,,,,54.51,,,6040,,,0,,,
irwin-belk-complex,Irwin Belk Complex,,Charlotte,NC,US,35.2272086,-80.8430827,254,America/New_York,,,,open,,4500,,,High,,,,,,,,61.34,,,6041,,,0,,,
alumni-stadium-ky,Alumni Stadium (KY),,Frankfort,KY,US,38.2009055,-84.8732836,162,America/New_York,,,,open,,6000,,,High,,,,,,,,57.4,,,6042,,,0,,,
steele-stadium,Steele Stadium,,Owensboro,KY,US,37.742297,-87.119976,122.6,America/Chicago,,,,open,,3000,2004,,Mid,,,,,,,,58.42,,,5263,,,0,,,
andre-reed-stadium,Andre Reed Stadium,,Kutztown,PA,US,40.5173165,-75.7774177,132,America/New_York,,,,open,,5600,,,High,,,,,,,,53.77,,,4432,,,0,,,
jack-britt-memorial-stadium,Jack Britt Memorial Stadium,,Painesville,OH,US,41.7244885,-81.245657,206,America/New_York,,,,open,,3000,,,High,,,,,,,,52.19,,,3769,,,0,,,
lane-field,Lane Field,,Jackson,TN,US,35.6144446,-88.8177418,127,America/Chicago,,,,open,,2500,,,Mid,,,,,,,,61.92,,,6044,,,0,,,
helen-and-leonard-moretz-stadium,Helen and Leonard Moretz Stadium,,Hickory,NC,US,35.7333312,-81.3442915,354,America/New_York,,,,open,,8500,,,High,,,,,,,,59.3,,,6553,,,0,,,
the-reservation,The Reservation,,Gaffney,SC,US,35.0717945,-81.6498195,212.4,America/New_York,,,,open,,10000,2008,,High,,,,,,,,61.25,,,4750,,,0,,,
dwight-t-reed-stadium,Dwight T. Reed Stadium,,Jefferson City,MO,US,38.577359,-92.1724265,195,America/Chicago,,,,open,,5500,,,Mid,,,,,,,,57.19,,,6045,,,0,,,
lincoln-university-stadium,Lincoln University Stadium,,Lincoln University,PA,US,39.8065518,-75.92870551,159,America/New_York,,,,open,,5000,,,High,,,,,,,,55.09,,,3808,,,0,,,
alumni-memorial-stadium-nc,Alumni Memorial Stadium (NC),,Salisbury,NC,US,35.6709727,-80.4742261,233,America/New_York,,,,open,,6000,,,High,,,,,,,,60.59,,,3612,,,0,,,
hubert-jack-stadium,Hubert Jack Stadium,,Lock Haven,PA,US,41.1369077,-77.4471641,172,America/New_York,,,,open,,3500,,,High,,,,,,,,52.69,,,3760,,,0,,,
meares-stadium,Meares Stadium,,Mars Hill,NC,US,35.82685585,-82.55057687,703,America/New_York,,,,open,,5000,,,High,,,,,,,,55.66,,,6046,,,0,,,
leemon-field,Leemon Field,,Lebanon,IL,US,38.6039375,-89.8073195,158,America/Chicago,,,,open,,2000,,,Mid,,,,,,,,57.14,,,6047,,,0,,,
sherman-field,Sherman Field,,Houghton,MI,US,46.8591287,-88.7774734,391,America/Detroit,,,,open,,4684,,,Low,,,,,,,,42.26,,,3927,,,0,,,
memorial-stadium-wichita-falls-tx,"Memorial Stadium (Wichita Falls, TX)",,Wichita Falls,TX,US,33.9137085,-98.4933873,291,America/Chicago,,,,open,,14500,,,Low,,,,,,,,66.86,,,6049,,,0,,,
albert-j-h-sloan-alumni-stadium,Albert J. H. Sloan - Alumni Stadium,,Fairfield,AL,US,33.4859402,-86.9119366,179,America/Chicago,,,,open,,8500,,,Low,,,,,,,,63.66,,,6027,,,0,,,
chryst-field-at-biemesderfer-stadium,Chryst Field at Biemesderfer Stadium,,Millersville,PA,US,39.997998,-76.3545372,102,America/New_York,,,,open,,5300,,,High,,,,,,,,55.64,,,4431,,,0,,,
scheels-field-at-nemzek-stadium,Scheels Field at Nemzek Stadium,,Moorhead,MN,US,46.8739081,-96.7538674,275,America/Chicago,,,,open,,5000,,,Mid,,,,,,,,44.61,,,3606,,,0,,,
blakeslee-stadium,Blakeslee Stadium,,Mankato,MN,US,44.1634663,-93.9993505,247,America/Chicago,,,,open,,7000,,,Mid,,,,,,,,48.27,,,3641,,,0,,,
james-s-malosky-stadium,James S. Malosky Stadium,,Duluth,MN,US,46.7729322,-92.1251218,301,America/Chicago,,,,open,,4500,,,Mid,,,,,,,,42.7,,,6051,,,0,,,
herb-parker-stadium,Herb Parker Stadium,,Minot,ND,US,48.23251,-101.296273,490,America/Chicago,,,,open,,4250,,,Mid,,,,,,,,43.21,,,6052,,,0,,,
robinson-hale-stadium,Robinson-Hale Stadium,,Clinton,MS,US,32.3410552,-90.3215983,113,America/Chicago,,,,open,,8500,,,Low,,,,,,,,65.7,,,6053,,,0,,,
allgood-bailey-stadium,Allgood-Bailey Stadium,,Rolla,MO,US,37.95037,-91.780444,336.1,America/Chicago,,,,open,grass,8000,1967,,Mid,,,,,,,,56.66,,,3609,,,0,,,
fred-g-hughes-stadium,Fred G. Hughes Stadium,,Joplin,MO,US,37.08418,-94.51323,306,America/Chicago,,,,open,,7000,,,Mid,,,,,,,,59.36,,,6054,,,0,,,
craig-field-at-spratt-memorial-stadium,Craig Field at Spratt Memorial Stadium,,Saint Joseph,MO,US,39.7686055,-94.8466322,274,America/Chicago,,,,open,,7200,,,Mid,,,,,,,,55.64,,,6055,,,0,,,
bt-harvey-stadium,B.T. Harvey Stadium,,Atlanta,GA,US,33.7489924,-84.3902644,317,America/New_York,,,,open,,9000,,,Low,,,,,,,,61.64,,,6056,,,0,,,
ron-carol-cope-stadium-at-foster-field,Ron & Carol Cope Stadium at Foster Field,,Kearney,NE,US,40.4906216,-98.9472344,662,America/Chicago,,,,open,,5250,,,Mid,,,,,,,,52.9,,,6057,,,0,,,
ralph-f-dellacamera-stadium,Ralph F. DellaCamera Stadium,,West Haven,CT,US,41.2706527,-72.9470471,7,America/New_York,,,,open,,5000,,,High,,,,,,,,53.61,,,6058,,,0,,,
sanchez-family-stadium,Sanchez Family Stadium,,Las Vegas,NM,US,35.5939325,-105.2238969,1963,America/Denver,,,,open,,5000,,,High,,,,,,,,51.34,,,6059,,,0,,,
setzler-field,Setzler Field,,Newberry,SC,US,34.286133,-81.622539,160.6,America/New_York,,,,open,,4000,1922,,High,,,,,,,,63.39,,,3926,,,0,,,
younts-stadium,Younts Stadium,,Tigerville,SC,US,35.0684492,-82.3684509,312,America/New_York,,,,open,,4500,,,High,,,,,,,,60.43,,,6061,,,0,,,
gable-field-at-doc-wadley-stadium,Gable Field at Doc Wadley Stadium,,Tahlequah,OK,US,35.91537,-94.969956,247,America/Chicago,,,,open,,8300,,,Mid,,,,,,,,61.24,,,6062,,,0,,,
superior-dome,Superior Dome,,Marquette,MI,US,46.560589,-87.393741,186.4,America/Detroit,,,,open,turf,8000,1991,,Low,,,,,,,,44.37,,,3950,,,0,,,
swisher-field,Swisher Field,,Aberdeen,SD,US,45.4649805,-98.487813,399,America/Chicago,,,,open,,6000,,,Mid,,,,,,,,46.29,,,3951,,,0,,,
bearcat-stadium,Bearcat Stadium,,Maryville,MO,US,40.3460468,-94.8723858,354,America/Chicago,,,,open,,6500,,,Mid,,,,,,,,53.84,,,5134,,,0,,,
ranger-field,Ranger Field,,Alva,OK,US,36.8030501,-98.6660278,414,America/Chicago,,,,open,,6000,,,Mid,,,,,,,,61.13,,,4763,,,0,,,
hantz-stadium,Hantz Stadium,,Midland,MI,US,43.6155825,-84.2472117,193,America/Detroit,,,,open,,2500,,,High,,,,,,,,49.4,,,3747,,,0,,,
mueller-field,Mueller Field,,South Euclid,OH,US,41.5231076,-81.5184553,293,America/New_York,,,,open,,2000,,,High,,,,,,,,51.5,,,6063,,,0,,,
panther-stadium-oh,Panther Stadium (OH),,Columbus,OH,US,39.9622601,-83.0007065,231,America/New_York,,,,open,,1750,,,High,,,,,,,,53.9,,,3870,,,0,,,
crain-family-stadium,Crain Family Stadium,,Shawnee,OK,US,35.3272928,-96.9253004,324,America/Chicago,,,,open,,4000,,,Mid,,,,,,,,62.27,,,6064,,,0,,,
cliff-harris-stadium,Cliff Harris Stadium,,Arkadelphia,AR,US,34.1209292,-93.053784,76,America/Chicago,,,,open,,3060,,,Low,,,,,,,,64.25,,,6065,,,0,,,
pace-stadium,Pace Stadium,,Pleasantville,NY,US,41.1328736,-73.7926335,89,America/New_York,,,,open,,1500,,,High,,,,,,,,53.29,,,6066,,,0,,,
carnie-smith-stadium,Carnie Smith Stadium,,Pittsburg,KS,US,37.4108841,-94.70496,291,America/Chicago,,,,open,,8343,,,Mid,,,,,,,,59.13,,,6067,,,0,,,
qu-stadium,QU Stadium,,Quincy,IL,US,39.9356016,-91.4098727,172,America/Chicago,,,,open,,3000,,,Mid,,,,,,,,55.03,,,3723,,,0,,,
harvey-randall-wickes-memorial-stadium,Harvey Randall Wickes Memorial Stadium,,University Center,MI,US,25.71414555,-80.27640498,5,America/New_York,,,,open,,6800,,,High,,,,,,,,76.15,,,3885,,,0,,,
ted-wright-stadium,Ted Wright Stadium,,Savannah,GA,US,32.0274346,-81.0687492,6.6,America/New_York,,,,open,turf,7500,1967,,Low,,,,,,,,67.43,,,3952,,,0,,,
offutt-field,Offutt Field,,Greensburg,PA,US,40.3014581,-79.5389289,310,America/New_York,,,,open,,5000,,,High,,,,,,,,52.77,,,3859,,,0,,,
george-williams-athletic-complex,George Williams Athletic Complex,,Raleigh,NC,US,35.7803977,-78.6390989,113,America/New_York,,,,open,,2500,,,High,,,,,,,,61.46,,,6068,,,0,,,
ram-stadium-wv,Ram Stadium (WV),,Shepherdstown,WV,US,39.4300996,-77.804161,124,America/New_York,,,,open,,5000,,,High,,,,,,,,56.33,,,5133,,,0,,,
seth-grove-stadium,Seth Grove Stadium,,Shippensburg,PA,US,40.0507198,-77.5205485,201,America/New_York,,,,open,,7700,,,High,,,,,,,,54.76,,,4429,,,0,,,
barron-stadium,Barron Stadium,,Rome,GA,US,34.257038,-85.1646726,194,America/New_York,,,,open,,6500,,,Low,,,,,,,,62.16,,,4015,,,0,,,
terry-fox-field,Terry Fox Field,,Burnaby,BC,US,35.895335,-78.515105,103,America/New_York,,,,open,,2500,,,High,,,,,,,,61.35,,,3728,,,0,,,
bob-young-field,Bob Young Field,,Sioux Falls,SD,US,43.5488256,-96.7307737,434,America/Chicago,,,,open,,5000,,,Mid,,,,,,,,48.73,,,6070,,,0,,,
mihalik-thompson-stadium,Mihalik-Thompson Stadium,,Slippery Rock,PA,US,41.0639506,-80.0564468,397,America/New_York,,,,open,,10000,,,High,,,,,,,,50.65,,,4430,,,0,,,
oharra-stadium,O'Harra Stadium,,Rapid City,SD,US,44.0869329,-103.2274481,984,America/Denver,,,,open,,4000,,,Mid,,,,,,,,49.14,,,3860,,,0,,,
paul-laird-field,Paul Laird Field,,Durant,OK,US,33.9919761,-96.3776762,201,America/Chicago,,,,open,,4100,,,Low,,,,,,,,64.83,,,3875,,,0,,,
wilkins-stadium,Wilkins Stadium,,Magnolia,AR,US,33.2670725,-93.2393341,106,America/Chicago,,,,open,,6000,,,Low,,,,,,,,65.28,,,5891,,,0,,,
jess-dow-field,Jess Dow Field,,New Haven,CT,US,41.3082138,-72.9250518,14,America/New_York,,,,open,,6000,,,High,,,,,,,,53.54,,,6071,,,0,,,
southern-nazarene-university-football-stadium,Southern Nazarene University Football Stadium,,Bethany,OK,US,35.5186728,-97.6322648,401,America/Chicago,,,,open,,2500,,,Mid,,,,,,,,62.1,,,3934,,,0,,,
schwan-regional-event-center,Schwan Regional Event Center,,Marshall,MN,US,48.3605336,-96.381968,328,America/Chicago,,,,open,,2500,,,Mid,,,,,,,,41.51,,,6072,,,0,,,
milam-stadium,Milam Stadium,,Weatherford,OK,US,35.5261633,-98.7075744,508,America/Chicago,,,,open,,8600,,,Mid,,,,,,,,61.57,,,6073,,,0,,,
grappone-stadium,Grappone Stadium,,Manchester,NH,US,42.9956397,-71.4547891,80,America/New_York,,,,open,,4500,,,High,,,,,,,,50.27,,,6074,,,0,,,
jackson-field,Jackson Field,,Alpine,TX,US,30.3573802,-103.6609367,1368,America/Chicago,,,,open,,4000,,,Low,,,,,,,,64.94,,,6123,,,0,,,
javelina-stadium,Javelina Stadium,,Kingsville,TX,US,27.5158689,-97.856109,19,America/Chicago,,,,open,,15000,,,Low,,,,,,,,73.34,,,6076,,,0,,,
frost-kalnow-stadium,Frost-Kalnow Stadium,,Tiffin,OH,US,41.114485,-83.1779537,227,America/New_York,,,,open,,4500,,,High,,,,,,,,52.79,,,3731,,,0,,,
stokes-stadium,Stokes Stadium,,Kirksville,MO,US,40.1948848,-92.5833939,302,America/Chicago,,,,open,,4000,,,Mid,,,,,,,,53.6,,,6077,,,0,,,
pioneer-field-tn,Pioneer Field (TN),,Greeneville,TN,US,36.1631575,-82.8309861,467,America/New_York,,,,open,,3500,,,High,,,,,,,,57.4,,,6078,,,0,,,
abbott-memorial-alumni-stadium,Abbott Memorial Alumni Stadium,,Tuskegee,AL,US,32.4240286,-85.6916195,122.8,America/Chicago,,,,open,,10000,1925,,Low,,,,,,,,65.22,,,4747,,,0,,,
grace-p-johnson-stadium,Grace P. Johnson Stadium,,Pembroke,NC,US,34.6801627,-79.1950373,53,America/New_York,,,,open,,4000,,,High,,,,,,,,63.79,,,6060,,,0,,,
carl-smith-stadium,Carl Smith Stadium,,Wise,VA,US,36.9759345,-82.5757108,754,America/New_York,,,,open,,3900,,,High,,,,,,,,53.45,,,6033,,,0,,,
mdu-resources-community-bowl,MDU Resources Community Bowl,,Bismarck,ND,US,46.808327,-100.783739,518,America/Chicago,,,,open,,6000,,,Mid,,,,,,,,44.23,,,3638,,,0,,,
ratliff-stadium,Ratliff Stadium,,Odessa,TX,US,31.8457149,-102.367687,886,America/Chicago,,,,open,,17931,,,Low,,,,,,,,66.32,,,5917,,,0,,,
harms-eischeid-stadium,Harms-Eischeid Stadium,,Fayette,IA,US,42.8420766,-91.850265,332,America/Chicago,,,,open,,3500,,,Mid,,,,,,,,48.63,,,6030,,,0,,,
bazemore-hyder-stadium,Bazemore-Hyder Stadium,,Valdosta,GA,US,30.8327022,-83.2784851,67,America/New_York,,,,open,,10100,,,Low,,,,,,,,67.97,,,4851,,,0,,,
rogers-stadium-va,Rogers Stadium (VA),,Petersburg,VA,US,37.227928,-77.4019268,23,America/New_York,,,,open,,7909,,,High,,,,,,,,60.44,,,3904,,,0,,,
hovey-field,Hovey Field,,Richmond,VA,US,37.5385087,-77.43428,54,America/New_York,,,,open,,10000,,,High,,,,,,,,59.83,,,6032,,,0,,,
cebe-ross-field,Cebe Ross Field,,Buckhannon,WV,US,38.9939426,-80.2322698,433,America/New_York,,,,open,,3000,,,High,,,,,,,,54.1,,,5784,,,0,,,
tom-benson-hall-of-fame-stadium,Tom Benson Hall of Fame Stadium,,Canton,OH,US,40.7985464,-81.3749508,325,America/New_York,,,,open,,23000,,,High,,,,,,,,52.29,,,3718,,,0,,,
yager-stadium-at-moore-bowl,Yager Stadium at Moore Bowl,,Topeka,KS,US,39.049011,-95.677556,288,America/Chicago,,,,open,,7200,,,Mid,,,,,,,,57.04,,,6034,,,0,,,
tom-adams-field,Tom Adams Field,,Detroit,MI,US,42.3315509,-83.0466403,183,America/Detroit,,,,open,,6439,,,High,,,,,,,,51.31,,,3600,,,0,,,
memorial-stadium-wayne-ne,"Memorial Stadium (Wayne, NE)",,Wayne,NE,US,42.1941294,-97.169623,510,America/Chicago,,,,open,,2500,,,Mid,,,,,,,,50.81,,,6035,,,0,,,
tiger-stadium-al,Tiger Stadium (AL),,Livingston,AL,US,32.5843026,-88.1872474,50,America/Chicago,,,,open,,7000,,,Low,,,,,,,,66.17,,,3957,,,0,,,
john-a-farrell-stadium,John A. Farrell Stadium,,West Chester,PA,US,39.9597213,-75.6059638,144,America/New_York,,,,open,,7500,,,High,,,,,,,,54.9,,,4427,,,0,,,
west-family-stadium,West Family Stadium,,Wheeling,WV,US,40.0639616,-80.7209149,203,America/New_York,,,,open,,4000,,,High,,,,,,,,54.42,,,5886,,,0,,,
buffalo-stadium,Buffalo Stadium,,Canyon,TX,US,34.9799429,-101.919197,1081,America/Chicago,,,,open,,12000,,,Low,,,,,,,,60.69,,,5884,,,0,,,
dickerson-stadium,Dickerson Stadium,,Institute,WV,US,38.3836097,-81.7654665,196,America/New_York,,,,open,,5000,,,High,,,,,,,,56.8,,,5785,,,0,,,
ben-altamirano-field,Ben Altamirano Field,,Silver City,NM,US,32.7751371,-108.2754371,1801,America/Denver,,,,open,,3000,,,Low,,,,,,,,58.46,,,3633,,,0,,,
mcarthur-field,McArthur Field,,Monmouth,OR,US,44.8486414,-123.2290777,61,America/Los_Angeles,,,,open,,3000,,,High,,,,,,,,53.14,,,5783,,,0,,,
mountaineer-bowl,Mountaineer Bowl,,Gunnison,CO,US,38.6476702,-107.0603126,3074,America/Denver,,,,open,,4000,,,High,,,,,,,,34.74,,,5782,,,0,,,
bishop-schmitt-field,Bishop Schmitt Field,,Wheeling,WV,US,40.0639616,-80.7209149,203,America/New_York,,,,open,,2200,,,High,,,,,,,,54.42,,,6212,,,0,,,
greene-stadium,Greene Stadium,,Liberty,MO,US,39.246479,-94.419079,274,America/Chicago,,,,open,,5000,,,Mid,,,,,,,,55.85,,,4753,,,0,,,
irwin-belk-stadium,Irwin Belk Stadium,,Wingate,NC,US,34.9843176,-80.4492319,174,America/New_York,,,,open,,3500,,,High,,,,,,,,62.3,,,5781,,,0,,,
altra-federal-credit-union-stadium,Altra Federal Credit Union Stadium,,Winona,MN,US,43.9582272,-91.7807784,374,America/Chicago,,,,open,,5000,,,Mid,,,,,,,,47.04,,,5780,,,0,,,
bowman-gray-stadium,Bowman Gray Stadium,,Winston-Salem,NC,US,36.083372,-80.222037,242.5,America/New_York,,,,open,grass,17000,1937,,High,,,,,,,,59.98,,,3649,,,0,,,
docking-stadium,Docking Stadium,,Adrian,MI,US,41.8975152,-84.0373054,238,America/Detroit,,,,open,,3000,,,High,,,,,,,,51.53,,,5787,,,0,,,
sprankle-sprandel-stadium,Sprankle-Sprandel Stadium,,Albion,MI,US,42.243097,-84.7530304,293,America/Detroit,,,,open,,4000,,,High,,,,,,,,50.31,,,5786,,,0,,,
gene-l-shirk-stadium,Gene L. Shirk Stadium,,Reading,PA,US,40.335345,-75.9279495,84,America/New_York,,,,open,,5000,,,High,,,,,,,,55.09,,,5127,,,0,,,
merrill-field-at-yunevich-stadium,Merrill Field at Yunevich Stadium,,Alfred,NY,US,42.2542334,-77.7906062,538,America/New_York,,,,open,,1435,,,High,,,,,,,,47.68,,,5788,,,0,,,
pioneer-stadium,Pioneer Stadium,,Alfred,NY,US,42.2542334,-77.7906062,538,America/New_York,,,,open,,1500,,,High,,,,,,,,47.68,,,3877,,,0,,,
frank-b-fuhrer-field,Frank B. Fuhrer Field,,Meadville,PA,US,41.641445,-80.151449,338,America/New_York,,,,open,,3500,,,High,,,,,,,,50.39,,,5789,,,0,,,
bahlke-field,Bahlke Field,,Alma,MI,US,43.37892,-84.659727,226,America/Detroit,,,,open,,4000,,,High,,,,,,,,49.49,,,5790,,,0,,,
turf-field,Turf Field,,Reading,PA,US,40.335345,-75.9279495,84,America/New_York,,,,open,,4000,,,High,,,,,,,,55.09,,,5791,,,0,,,
pratt-field-at-lehrman-stadium,Pratt Field at Lehrman Stadium,,Amherst,MA,US,42.3685658,-72.505714,81,America/New_York,,,,open,,2500,,,High,,,,,,,,51.34,,,5792,,,0,,,
macholtz-stadium,Macholtz Stadium,,Anderson,IN,US,40.1053196,-85.6802541,270,America/Indiana/Indianapolis,,,,open,,4300,,,Mid,,,,,,,,53.48,,,5793,,,0,,,
caparso-field,Caparso Field,,Paxton,MA,US,42.3122967,-71.934172,330,America/New_York,,,,open,,1000,,,High,,,,,,,,48.86,,,5794,,,0,,,
apprentice-field,Apprentice Field,,Newport News,VA,US,36.9775016,-76.42977,12,America/New_York,,,,open,,800,,,High,,,,,,,,61.55,,,3618,,,0,,,
edor-nelson-field,Edor Nelson Field,,Minneapolis,MN,US,44.9772995,-93.2654692,267,America/Chicago,,,,open,,1400,,,Mid,,,,,,,,46.53,,,5795,,,0,,,
charles-d-lindberg-stadium,Charles D. Lindberg Stadium,,Rock Island,IL,US,41.4411786,-90.5766144,177,America/Chicago,,,,open,,1800,,,Mid,,,,,,,,52.54,,,5796,,,0,,,
vago-field,Vago Field,,Aurora,IL,US,41.7571701,-88.3147539,188,America/Chicago,,,,open,,600,,,Mid,,,,,,,,51.64,,,5797,,,0,,,
jerry-e-apple-stadium,Jerry E. Apple Stadium,,Sherman,TX,US,36.2452294,-101.8858689,1073,America/Chicago,,,,open,,2500,,,Mid,,,,,,,,59.19,,,5798,,,0,,,
daly-field-at-frank-r-campbell-stadium,Daly Field at Frank R. Campbell Stadium,,Danville,VA,US,36.5859718,-79.3950228,153,America/New_York,,,,open,,1200,,,High,,,,,,,,59.93,,,5799,,,0,,,
george-finnie-stadium,George Finnie Stadium,,Berea,OH,US,41.3661614,-81.8543026,237,America/New_York,,,,open,,7800,,,High,,,,,,,,52.62,,,5801,,,0,,,
garcelon-field,Garcelon Field,,Lewiston,ME,US,44.100351,-70.2147764,70,America/New_York,,,,open,,3500,,,High,,,,,,,,48.14,,,3733,,,0,,,
belhaven-bowl-stadium,Belhaven Bowl Stadium,,Jackson,MS,US,32.2990021,-90.1847691,93,America/Chicago,,,,open,,1200,,,Low,,,,,,,,65.51,,,5802,,,0,,,
strong-stadium,Strong Stadium,,Beloit,WI,US,42.5083272,-89.031784,228,America/Chicago,,,,open,,3000,,,Mid,,,,,,,,50.26,,,3945,,,0,,,
village-of-lisle-benedictine-university-sports-complex,Village of Lisle-Benedictine University Sports Complex,,Lisle,IL,US,41.801159,-88.0747687,207,America/Chicago,,,,open,,3071,,,Mid,,,,,,,,51.42,,,6284,,,0,,,
valhalla-stadium,Valhalla Stadium,,Mount Berry,GA,US,34.275093,-85.1832843,191,America/New_York,,,,open,,2500,,,Low,,,,,,,,62.19,,,4422,,,0,,,
bison-stadium,Bison Stadium,,Bethany,WV,US,40.205627,-80.5567384,267,America/New_York,,,,open,,1000,,,High,,,,,,,,53.85,,,5803,,,0,,,
royal-stadium,Royal Stadium,,Arden Hills,MN,US,45.0761409,-93.1666945,288,America/Chicago,,,,open,,8000,,,Mid,,,,,,,,46.45,,,5804,,,0,,,
general-charles-c-krulak-stadium,General Charles C. Krulak Stadium,,Birmingham,AL,US,33.5206824,-86.8024326,187,America/Chicago,,,,open,,1600,,,Low,,,,,,,,63.72,,,3871,,,0,,,
alumni-field-oh,Alumni Field (OH),,Bluffton,OH,US,40.8934459,-83.8917849,256,America/New_York,,,,open,,2600,,,High,,,,,,,,53.01,,,5805,,,0,,,
whittier-field,Whittier Field,,Brunswick,ME,US,43.9145244,-69.9653278,23,America/New_York,,,,open,,9000,,,High,,,,,,,,48.5,,,5806,,,0,,,
brevard-memorial-stadium,Brevard Memorial Stadium,,Brevard,NC,US,35.2334472,-82.7342919,679,America/New_York,,,,open,,7000,,,High,,,,,,,,56.73,,,5807,,,0,,,
jopson-athletic-complex,Jopson Athletic Complex,,Bridgewater,VA,US,38.3820655,-78.9766975,362,America/New_York,,,,open,,3500,,,High,,,,,,,,55.16,,,5800,,,0,,,
edward-c-swenson-athletic-complex,Edward C. Swenson Athletic Complex,,Bridgewater,MA,US,41.9903787,-70.9750426,30,America/New_York,,,,open,,1560,,,High,,,,,,,,52.44,,,5808,,,0,,,
bob-boozer-field,Bob Boozer Field,,Brockport,NY,US,43.213671,-77.93918,161,America/New_York,,,,open,,10000,,,High,,,,,,,,50.06,,,6126,,,0,,,
j-leslie-rollins-stadium,J. Leslie Rollins Stadium,,Storm Lake,IA,US,42.6452817,-95.1992726,439,America/Chicago,,,,open,,3000,,,Mid,,,,,,,,49.74,,,5809,,,0,,,
coyer-field,Coyer Field,,Buffalo,NY,US,42.8867166,-78.8783922,182,America/New_York,,,,open,,3000,,,High,,,,,,,,50.13,,,5810,,,0,,,
william-rolland-stadium,William Rolland Stadium,,Thousand Oaks,CA,US,34.1705609,-118.8375937,272,America/Los_Angeles,,,,open,,2000,,,Low,,,,,,,,64.32,,,5811,,,0,,,
bernlohr-stadium,Bernlohr Stadium,,Bexley,OH,US,39.9692378,-82.936864,244,America/New_York,,,,open,,3000,,,High,,,,,,,,53.74,,,5812,,,0,,,
laird-stadium,Laird Stadium,,Northfield,MN,US,44.4582041,-93.161159,276,America/Chicago,,,,open,,7500,,,Mid,,,,,,,,47.5,,,7079,,,0,,,
gesling-stadium,Gesling Stadium,,Pittsburgh,PA,US,40.4416941,-79.9900861,257,America/New_York,,,,open,,3500,,,High,,,,,,,,53.68,,,5814,,,0,,,
schneider-stadium,Schneider Stadium,,Waukesha,WI,US,43.0053145,-88.2473643,253,America/Chicago,,,,open,,2000,,,Mid,,,,,,,,49.34,,,5815,,,0,,,
art-keller-field,Art Keller Field,,Kenosha,WI,US,42.5846773,-87.8212263,187,America/Chicago,,,,open,,2448,,,Mid,,,,,,,,50.21,,,5816,,,0,,,
case-field,Case Field,,Cleveland,OH,US,41.513447,-81.603634,-81.6,America/New_York,,,,open,turf,2400,2005,,High,,,,,,,,52.48,,,3671,,,0,,,
dave-wolk-stadium,Dave Wolk Stadium,,Castleton,VT,US,43.6111275,-73.1807089,136,America/New_York,,,,open,,5000,,,High,,,,,,,,48.29,,,5638,,,0,,,
cardinal-stadium-dc,Cardinal Stadium (DC),,Washington,DC,US,38.8950368,-77.0365427,12,America/New_York,,,,open,,3500,,,High,,,,,,,,57.99,,,6202,,,0,,,
ron-and-joyce-schipper-stadium,Ron and Joyce Schipper Stadium,,Pella,IA,US,41.4073138,-92.9174074,273,America/Chicago,,,,open,,1000,,,Mid,,,,,,,,51.92,,,5817,,,0,,,
farris-stadium,Farris Stadium,,Danville,KY,US,37.6456488,-84.7721823,306,America/New_York,,,,open,,3000,,,High,,,,,,,,56.86,,,5818,,,0,,,
ernie-chapman-stadium,Ernie Chapman Stadium,,Orange,CA,US,33.7500378,-117.8704931,47,America/Los_Angeles,,,,open,,2000,,,Low,,,,,,,,63.46,,,5819,,,0,,,
amos-alonzo-stagg-field,Amos Alonzo Stagg Field,,Chicago,IL,US,41.8755616,-87.6244212,199,America/Chicago,,,,open,,3500,,,Mid,,,,,,,,51.11,,,5820,,,0,,,
townebank-stadium,TowneBank Stadium,,Newport News,VA,US,36.9775016,-76.42977,12,America/New_York,,,,open,,4200,,,High,,,,,,,,61.55,,,3879,,,0,,,
fritz-b-burns-stadium,Fritz B. Burns Stadium,,Claremont,CA,US,34.0966764,-117.7197785,361,America/Los_Angeles,,,,open,,3000,,,Low,,,,,,,,62.76,,,5821,,,0,,,
cadet-memorial-field,Cadet Memorial Field,,New London,CT,US,41.3556187,-72.0997804,20,America/New_York,,,,open,,4500,,,High,,,,,,,,53.17,,,5822,,,0,,,
clark-field,Clark Field,,Cedar Rapids,IA,US,41.9758872,-91.6704053,214,America/Chicago,,,,open,,2200,,,Mid,,,,,,,,51.04,,,5823,,,0,,,
seaverns-field-at-harold-alfond-stadium,Seaverns Field At Harold Alfond Stadium,,Waterville,ME,US,44.5520105,-69.6317121,37,America/New_York,,,,open,,2000,,,High,,,,,,,,47.98,,,5689,,,0,,,
lions-stadium,Lions Stadium,,Ewing,NJ,US,40.2688105,-74.8006895,50,America/New_York,,,,open,,6000,,,High,,,,,,,,55.58,,,5824,,,0,,,
concordia-stadium,Concordia Stadium,,River Forest,IL,US,41.8978091,-87.8139483,197,America/Chicago,,,,open,,1500,,,Mid,,,,,,,,51.35,,,5826,,,0,,,
jake-christiansen-stadium,Jake Christiansen Stadium,,Moorhead,MN,US,46.8739081,-96.7538674,275,America/Chicago,,,,open,,7000,,,Mid,,,,,,,,44.61,,,5825,,,0,,,
tomasini-stadium,Tomasini Stadium,,Mequon,WI,US,43.2219088,-87.9822969,206,America/Chicago,,,,open,,800,,,Mid,,,,,,,,49.07,,,5827,,,0,,,
van-metre-field-at-ash-park,Van Metre Field at Ash Park,,Mount Vernon,IA,US,41.9222443,-91.4171209,272,America/Chicago,,,,open,,1100,,,Mid,,,,,,,,50.46,,,5828,,,0,,,
walter-m-katz-field,Walter M. Katz Field,,Milton,MA,US,42.2501425,-71.065573,35,America/New_York,,,,open,,1600,,,High,,,,,,,,52.2,,,5830,,,0,,,
blackstock-stadium,Blackstock Stadium,,Greencastle,IN,US,39.6444898,-86.8647316,257,America/Indiana/Indianapolis,,,,open,,3000,,,Mid,,,,,,,,54.02,,,3640,,,0,,,
dale-lippert-field,Dale Lippert Field,,Franklin,MA,US,34.440962,-87.8339064,273,America/Chicago,,,,open,,1500,,,Low,,,,,,,,61.89,,,5831,,,0,,,
justin-f-coressel-stadium,Justin F. Coressel Stadium,,Defiance,OH,US,41.2844933,-84.3557802,206,America/New_York,,,,open,,4000,,,High,,,,,,,,52.57,,,5832,,,0,,,
robert-a-lipinski-field-at-james-work-memorial-stadium,Robert A. Lipinski Field at James Work Memorial Stadium,,New Britain,PA,US,40.30815835,-75.21643709,89,America/New_York,,,,open,,2000,,,High,,,,,,,,54.88,,,5833,,,0,,,
deeds-field-piper-stadium,Deeds Field-Piper Stadium,,Granville,OH,US,40.0681192,-82.5196037,296,America/New_York,,,,open,,3000,,,High,,,,,,,,53.58,,,5834,,,0,,,
biddle-field,Biddle Field,,Carlisle,PA,US,40.201499,-77.1890783,146,America/New_York,,,,open,,2577,,,High,,,,,,,,54.85,,,5835,,,0,,,
chalmers-field,Chalmers Field,,Dubuque,IA,US,42.5006243,-90.6647985,194,America/Chicago,,,,open,,4000,,,Mid,,,,,,,,50.8,,,5836,,,0,,,
ornelas-stadium,Ornelas Stadium,,Marshall,TX,US,32.5447756,-94.3661004,126,America/Chicago,,,,open,,2046,,,Low,,,,,,,,66.73,,,5838,,,0,,,
langhorst-field,Langhorst Field,,Elmhurst,IL,US,41.8994745,-87.9403418,210,America/Chicago,,,,open,,2500,,,Mid,,,,,,,,51.06,,,5839,,,0,,,
hempstead-stadium,Hempstead Stadium,,Beverly,MA,US,42.5584284,-70.8800491,15,America/New_York,,,,open,,3000,,,High,,,,,,,,51.63,,,3709,,,0,,,
pete-fiorito-stadium-at-mckinzie-field,Pete FioRito Stadium at McKinzie Field,,Eureka,IL,US,40.7213015,-89.2726708,235,America/Chicago,,,,open,,2500,,,Mid,,,,,,,,52.8,,,5841,,,0,,,
robert-t-shields-field,Robert T. Shields Field,,Madison,NJ,US,40.7598227,-74.417097,82,America/New_York,,,,open,,1000,,,High,,,,,,,,54.3,,,5842,,,0,,,
wb-adams-stadium,W.B. Adams Stadium,,Ferrum,VA,US,36.937857,-80.01424992,429,America/New_York,,,,open,,5500,,,High,,,,,,,,57.16,,,5843,,,0,,,
elliot-field-athletic-complex,Elliot Field Athletic Complex,,Fitchburg,MA,US,42.5903661,-71.8119837,220,America/New_York,,,,open,,1200,,,High,,,,,,,,49.93,,,5845,,,0,,,
bowditch-field,Bowditch Field,,Framingham,MA,US,42.3095704,-71.4413097,59,America/New_York,,,,open,,5300,,,High,,,,,,,,51.95,,,3819,,,0,,,
stewart-red-faught-stadium,"Stewart """"Red"""" Faught Stadium",,Franklin,IN,US,33.704156,-117.75109,222.7,America/Los_Angeles,,,,open,,4000,1999,,Low,,,,,,,,62.76,,,3716,,,0,,,
shadek-stadium,Shadek Stadium,,Lancaster,PA,US,40.03813,-76.3056686,117,America/New_York,,,,open,,2500,,,High,,,,,,,,55.2,,,7077,,,0,,,
hotchkiss-field,Hotchkiss Field,,Washington,DC,US,38.8950368,-77.0365427,12,America/New_York,,,,open,,1500,,,High,,,,,,,,57.99,,,5848,,,0,,,
reeves-field-pa,Reeves Field (PA),,Beaver Falls,PA,US,40.7520097,-80.3192295,246,America/New_York,,,,open,,6000,,,High,,,,,,,,53.01,,,5849,,,0,,,
stoffer-family-stadium,Stoffer Family Stadium,,Newberg,OR,US,45.300347,-122.972751,57,America/Los_Angeles,,,,open,,3300,,,High,,,,,,,,53.82,,,5850,,,0,,,
shirk-field-at-musselman-stadium,Shirk Field at Musselman Stadium,,Gettysburg,PA,US,39.8308973,-77.231012,163,America/New_York,,,,open,,6000,,,High,,,,,,,,55,,,5851,,,0,,,
jamieson-stadium,Jamieson Stadium,,Greensboro,NC,US,36.0726355,-79.7919754,257,America/New_York,,,,open,,10000,,,High,,,,,,,,59.85,,,5852,,,0,,,
francis-field-il,Francis Field (IL),,Greenville,IL,US,38.8922687,-89.4131356,193,America/Chicago,,,,open,,2000,,,Mid,,,,,,,,56.28,,,5853,,,0,,,
rosenbloom-field,Rosenbloom Field,,Grinnell,IA,US,41.7430237,-92.7239637,315,America/Chicago,,,,open,,1500,,,Mid,,,,,,,,50.82,,,5861,,,0,,,
robert-e-thorn-field,Robert E. Thorn Field,,Grove City,PA,US,41.1579008,-80.0886631,389,America/New_York,,,,open,,3500,,,High,,,,,,,,50.57,,,5864,,,0,,,
armfield-athletic-center,Armfield Athletic Center,,Greensboro,NC,US,36.0726355,-79.7919754,257,America/New_York,,,,open,,2200,,,High,,,,,,,,59.85,,,5892,,,0,,,
hollingsworth-field,Hollingsworth Field,,Saint Peter,MN,US,44.3238384,-93.9585295,234,America/Chicago,,,,open,,3000,,,Mid,,,,,,,,48.24,,,5893,,,0,,,
steuben-field,Steuben Field,,Clinton,NY,US,44.7278943,-73.6686982,368,America/New_York,,,,open,,2000,,,High,,,,,,,,44.48,,,5894,,,0,,,
klas-field,Klas Field,,Saint Paul,MN,US,44.9497487,-93.0931028,237,America/Chicago,,,,open,,2000,,,Mid,,,,,,,,47.28,,,5895,,,0,,,
lewis-c-everett-stadium,Lewis C. Everett Stadium,,Farmville,VA,US,37.3024713,-78.3923813,100,America/New_York,,,,open,,1850,,,High,,,,,,,,59.97,,,5896,,,0,,,
alumni-stadium-in,Alumni Stadium (IN),,Hanover,IN,US,38.7142263,-85.4735707,241,America/Indiana/Indianapolis,,,,open,,4000,,,Mid,,,,,,,,56.07,,,3614,,,0,,,
shelton-stadium,Shelton Stadium,,Abilene,TX,US,32.44645,-99.7475905,531,America/Chicago,,,,open,,4000,,,Low,,,,,,,,67.46,,,5114,,,0,,,
wright-stadium,Wright Stadium,,Oneonta,NY,US,42.453492,-75.0629531,344,America/New_York,,,,open,,1200,,,High,,,,,,,,48.62,,,5636,,,0,,,
hoernemann-stadium,Hoernemann Stadium,,Tiffin,OH,US,41.114485,-83.1779537,227,America/New_York,,,,open,,1300,,,High,,,,,,,,52.79,,,5854,,,0,,,
young-wise-memorial-stadium,Young-Wise Memorial Stadium,,Conway,AR,US,35.2521996,-92.6888936,125,America/Chicago,,,,open,,1500,,,Mid,,,,,,,,62.04,,,4423,,,0,,,
charles-a-henry-field,Charles A. Henry Field,,Hiram,OH,US,41.312555,-81.14371,388,America/New_York,,,,open,,2500,,,High,,,,,,,,50.44,,,5855,,,0,,,
boswell-field-at-david-j-urick-stadium,Boswell Field at David J. Urick Stadium,,Geneva,NY,US,42.8690271,-76.9786122,138,America/New_York,,,,open,,3000,,,High,,,,,,,,50.99,,,5856,,,0,,,
ray-and-sue-smith-stadium,Ray and Sue Smith Stadium,,Holland,MI,US,42.7876022,-86.1090828,188,America/Detroit,,,,open,,5300,,,Mid,,,,,,,,50.19,,,3755,,,0,,,
gordon-wood-stadium,Gordon Wood Stadium,,Brownwood,TX,US,31.7070026,-98.9831022,417,America/Chicago,,,,open,,7500,,,Low,,,,,,,,68.12,,,5857,,,0,,,
charles-lee-field-at-samford-stadium,Charles Lee Field at Samford Stadium,,Montgomery,AL,US,32.3669656,-86.3006485,78,America/Chicago,,,,open,,2500,,,Low,,,,,,,,66.39,,,3915,,,0,,,
dr-john-w-winkin-sports-complex,Dr. John W. Winkin Sports Complex,,Bangor,ME,US,44.8011821,-68.7778138,40,America/New_York,,,,open,,3000,,,High,,,,,,,,47.23,,,3995,,,0,,,
england-stadium,England Stadium,,Jacksonville,IL,US,39.7343037,-90.2288356,188,America/Chicago,,,,open,,1468,,,Mid,,,,,,,,54.74,,,5858,,,0,,,
tucci-stadium,Tucci Stadium,,Bloomington,IL,US,40.4797828,-88.9939147,252,America/Chicago,,,,open,,3500,,,Mid,,,,,,,,53.06,,,5859,,,0,,,
butterfield-stadium,Butterfield Stadium,,Ithaca,NY,US,42.4396039,-76.4968019,133,America/New_York,,,,open,,5000,,,High,,,,,,,,51.51,,,5862,,,0,,,
don-shula-stadium-at-wasmer-field,Don Shula Stadium at Wasmer Field,,University Heights,OH,US,41.497831,-81.537346,313,America/New_York,,,,open,,5416,,,High,,,,,,,,51.26,,,5863,,,0,,,
homewood-field,Homewood Field,,Baltimore,MD,US,39.2908816,-76.610759,13,America/New_York,,,,open,,8500,,,High,,,,,,,,57.15,,,5124,,,0,,,
knox-stadium,Knox Stadium,,Huntingdon,PA,US,40.4847959,-78.0102813,199,America/New_York,,,,open,,3000,,,High,,,,,,,,53.76,,,5902,,,0,,,
angell-field,Angell Field,,Kalamazoo,MI,US,42.291707,-85.5872286,239,America/Detroit,,,,open,,2458,,,Mid,,,,,,,,50.55,,,5904,,,0,,,
kean-alumni-stadium,Kean Alumni Stadium,,Union,NJ,US,40.6976019,-74.2632024,33,America/New_York,,,,open,,5300,,,High,,,,,,,,54.88,,,5905,,,0,,,
mcbride-field,McBride Field,,Gambier,OH,US,40.375643,-82.3970994,337,America/New_York,,,,open,,1762,,,High,,,,,,,,52.39,,,5906,,,0,,,
athletic-field-complex,Athletic Field Complex,,La Plume,PA,US,41.5565738,-75.7551655,276,America/New_York,,,,open,,1250,,,High,,,,,,,,50.74,,,7082,,,0,,,
mccarthy-stadium-wilkes-barre,McCarthy Stadium (Wilkes Barre),,Wilkes Barre Township,PA,US,41.23369915,-75.85364179,227,America/New_York,,,,open,,3000,,,High,,,,,,,,51.83,,,5907,,,0,,,
harley-knosher-bowl,Harley Knosher Bowl,,Galesburg,IL,US,40.9475652,-90.3712169,235,America/Chicago,,,,open,,6000,,,Mid,,,,,,,,52.54,,,5908,,,0,,,
ortmayer-stadium,Ortmayer Stadium,,La Verne,CA,US,34.1008426,-117.7678355,327,America/Los_Angeles,,,,open,,2500,,,Low,,,,,,,,63.16,,,5909,,,0,,,
callaway-stadium,Callaway Stadium,,Lagrange,GA,US,33.039291,-85.0313269,242,America/New_York,,,,open,,5000,,,Low,,,,,,,,63.59,,,5910,,,0,,,
farwell-field,Farwell Field,,Lake Forest,IL,US,42.2586342,-87.840625,216,America/Chicago,,,,open,,2000,,,Mid,,,,,,,,50.43,,,5915,,,0,,,
taylor-field,Taylor Field,,Plymouth,WI,US,43.7486054,-87.977038,260,America/Chicago,,,,open,,1000,,,Mid,,,,,,,,47.91,,,5918,,,0,,,
ron-roberts-field-at-the-banta-bowl,Ron Roberts Field at the Banta Bowl,,Appleton,WI,US,44.2613967,-88.4069744,244,America/Chicago,,,,open,,3634,,,Mid,,,,,,,,47.71,,,5919,,,0,,,
arnold-field-pa,Arnold Field (PA),,Annville,PA,US,40.3295901,-76.515226,130,America/New_York,,,,open,,2000,,,High,,,,,,,,54.41,,,3621,,,0,,,
griswold-stadium,Griswold Stadium,,Portland,OR,US,45.5202471,-122.6741949,19,America/Los_Angeles,,,,open,,3000,,,High,,,,,,,,54.01,,,5920,,,0,,,
maxwell-field,Maxwell Field,,Mcminnville,OR,US,45.2100367,-123.194463,50,America/Los_Angeles,,,,open,,4000,,,High,,,,,,,,53.41,,,5119,,,0,,,
rock-bowl,Rock Bowl,,Dubuque,IA,US,42.5006243,-90.6647985,194,America/Chicago,,,,open,,10000,,,Mid,,,,,,,,50.8,,,5921,,,0,,,
legacy-field-in-carlson-stadium,Legacy Field in Carlson Stadium,,Decorah,IA,US,43.3041609,-91.7859098,264,America/Chicago,,,,open,,5000,,,Mid,,,,,,,,49.16,,,5923,,,0,,,
david-person-field,David Person Field,,Williamsport,PA,US,41.2493292,-77.0027671,172,America/New_York,,,,open,,3700,,,High,,,,,,,,52.29,,,5925,,,0,,,
henry-g-steinbrenner-27-stadium,Henry G. Steinbrenner '27 Stadium,,Cambridge,MA,US,42.3750997,-71.1056157,12,America/New_York,,,,open,,1000,,,High,,,,,,,,52.24,,,5926,,,0,,,
macalester-stadium,Macalester Stadium,,Saint Paul,MN,US,44.9497487,-93.0931028,237,America/Chicago,,,,open,,4000,,,Mid,,,,,,,,47.28,,,5928,,,0,,,
carl-w-burt-memorial-stadium,Carl W. Burt Memorial Stadium,,North Manchester,IN,US,41.0006005,-85.768597,236,America/Indiana/Indianapolis,,,,open,,4500,,,Mid,,,,,,,,52.43,,,5930,,,0,,,
don-drumm-stadium,Don Drumm Stadium,,Marietta,OH,US,39.4167742,-81.4548392,188,America/New_York,,,,open,,5000,,,High,,,,,,,,55.39,,,5931,,,0,,,
mlc-bowl,MLC Bowl,,New Ulm,MN,US,44.3140261,-94.4614177,272,America/Chicago,,,,open,,2500,,,Mid,,,,,,,,47.9,,,3843,,,0,,,
crusader-stadium,Crusader Stadium,,Belton,TX,US,31.0560132,-97.464453,158,America/Chicago,,,,open,,7671,,,Low,,,,,,,,69.87,,,4463,,,0,,,
lloyd-l-thornton-stadium,Lloyd L. Thornton Stadium,,Maryville,TN,US,35.7564719,-83.9704593,289,America/New_York,,,,open,,3000,,,High,,,,,,,,60.07,,,5932,,,0,,,
clean-harbors-stadium,Clean Harbors Stadium,,Buzzards Bay,MA,US,41.745383,-70.618087,6,America/New_York,,,,open,,2300,,,High,,,,,,,,52.96,,,5940,,,0,,,
kenneth-r-gill-stadium,Kenneth R. Gill Stadium,,Westminster,MD,US,39.5752639,-76.9959277,223,America/New_York,,,,open,,1434,,,High,,,,,,,,54.87,,,3922,,,0,,,
wilford-moore-stadium,Wilford Moore Stadium,,Abilene,TX,US,32.44645,-99.7475905,531,America/Chicago,,,,open,,3550,,,Low,,,,,,,,67.46,,,5996,,,0,,,
brooks-stadium-ny,Brooks Stadium (NY),,Kings Point,NY,US,40.8197813,-73.7351337,16,America/New_York,,,,open,,2000,,,High,,,,,,,,54.91,,,5997,,,0,,,
monarch-stadium,Monarch Stadium,,Fayetteville,NC,US,35.0525759,-78.878292,40,America/New_York,,,,open,,800,,,High,,,,,,,,63.39,,,5998,,,0,,,
alumni-stadium-vt,Alumni Stadium (VT),,Middlebury,VT,US,44.0072736,-73.16330105,112,America/New_York,,,,open,,3500,,,High,,,,,,,,48.2,,,6079,,,0,,,
frank-m-lindsay-field,Frank M. Lindsay Field,,Decatur,IL,US,39.8454163,-88.9524151,212,America/Chicago,,,,open,,4000,,,Mid,,,,,,,,54.45,,,6080,,,0,,,
harper-davis-field,Harper Davis Field,,Jackson,MS,US,32.2990021,-90.1847691,93,America/Chicago,,,,open,,3000,,,Low,,,,,,,,65.51,,,6081,,,0,,,
big-cat-stadium,Big Cat Stadium,,Morris,MN,US,45.586072,-95.913941,347,America/Chicago,,,,open,,1400,,,Mid,,,,,,,,45.46,,,6082,,,0,,,
mangelsdorf-field,Mangelsdorf Field,,Dallas,PA,US,32.3117968,-87.1046643,46,America/Chicago,,,,open,,1500,,,Low,,,,,,,,66.62,,,6083,,,0,,,
april-zorn-memorial-stadium,April Zorn Memorial Stadium,,Monmouth,IL,US,40.9127103,-90.6472477,235,America/Chicago,,,,open,,2600,,,Mid,,,,,,,,52.77,,,6084,,,0,,,
sprague-field,Sprague Field,,Montclair,NJ,US,40.8164458,-74.2210643,100,America/New_York,,,,open,,6000,,,High,,,,,,,,53.89,,,6085,,,0,,,
rocco-calvo-field,Rocco Calvo Field,,Bethlehem,PA,US,40.6178915,-75.3786521,92,America/New_York,,,,open,,2000,,,High,,,,,,,,54.28,,,6086,,,0,,,
drake-field-ny,Drake Field (NY),,Morrisville,NY,US,42.8986566,-75.6402204,407,America/New_York,,,,open,,1500,,,High,,,,,,,,47.21,,,6087,,,0,,,
schueler-field,Schueler Field,,Cincinnati,OH,US,39.1014537,-84.5124602,176,America/New_York,,,,open,,2400,,,High,,,,,,,,56.36,,,6088,,,0,,,
mount-union-stadium,Mount Union Stadium,,Alliance,OH,US,40.9153362,-81.1059309,355,America/New_York,,,,open,,5600,,,High,,,,,,,,51.95,,,4856,,,0,,,
scotty-wood-stadium,Scotty Wood Stadium,,Allentown,PA,US,40.6022059,-75.4712794,112,America/New_York,,,,open,,3000,,,High,,,,,,,,54.04,,,6089,,,0,,,
sherman-field-at-mcconagha-stadium,Sherman Field at McConagha Stadium,,New Concord,OH,US,39.9934992,-81.7338559,270,America/New_York,,,,open,,2500,,,High,,,,,,,,53.64,,,6090,,,0,,,
bishop-stadium,Bishop Stadium,,Rocky Mount,NC,US,35.9423833,-77.7956949,36,America/New_York,,,,open,,5000,,,High,,,,,,,,61.91,,,6092,,,0,,,
vendetti-field,Vendetti Field,,Dudley,MA,US,42.0572744,-71.9396898,205,America/New_York,,,,open,,763,,,High,,,,,,,,50.58,,,5637,,,0,,,
benedetti-wehrli-stadium,Benedetti-Wehrli Stadium,,Naperville,IL,US,41.7728699,-88.1479278,210,America/Chicago,,,,open,,4839,,,Mid,,,,,,,,51.27,,,980,,,0,,,
holmgren-athletic-complex,Holmgren Athletic Complex,,Chicago,IL,US,41.8755616,-87.6244212,199,America/Chicago,,,,open,,3000,,,Mid,,,,,,,,51.11,,,6093,,,0,,,
reynolds-field,Reynolds Field,,Roseville,MN,US,45.0060767,-93.1566107,291,America/Chicago,,,,open,,1800,,,Mid,,,,,,,,46.42,,,6094,,,0,,,
sabine-field-at-haynes-family-stadium,Sabine Field at Haynes Family Stadium,,Northfield,VT,US,44.153195,-72.65679529,231,America/New_York,,,,open,,3000,,,High,,,,,,,,46.43,,,6095,,,0,,,
austin-e-knowlton-athletics-complex,Austin E. Knowlton Athletics Complex,,Oberlin,OH,US,41.2939386,-82.2173786,250,America/New_York,,,,open,,3000,,,High,,,,,,,,52.18,,,6096,,,0,,,
dial-roberson-stadium,Dial-Roberson Stadium,,Ada,OH,US,38.8398935,-83.5051704,231,America/New_York,,,,open,,3500,,,High,,,,,,,,55.61,,,6098,,,0,,,
selby-stadium,Selby Stadium,,Delaware,OH,US,40.2986724,-83.067965,267,America/New_York,,,,open,,9100,,,High,,,,,,,,53.16,,,6099,,,0,,,
cutler-field,Cutler Field,,Olivet,MI,US,42.4414273,-84.9241542,296,America/Detroit,,,,open,,2200,,,High,,,,,,,,50.16,,,6100,,,0,,,
memorial-stadium-westerville-oh,"Memorial Stadium (Westerville, OH)",,Westerville,OH,US,40.126139,-82.9295287,266,America/New_York,,,,open,,2400,,,High,,,,,,,,53.55,,,6101,,,0,,,
hanson-stadium,Hanson Stadium,,Forest Grove,OR,US,45.5197452,-123.1114405,66,America/Los_Angeles,,,,open,,1100,,,High,,,,,,,,53.05,,,6153,,,0,,,
sparks-stadium,Sparks Stadium,,Puyallup,WA,US,47.1849009,-122.29214,12,America/Los_Angeles,,,,open,,4500,,,High,,,,,,,,52.1,,,6102,,,0,,,
charles-l-currier-memorial-field,Charles L. Currier Memorial Field,,Plymouth,NH,US,43.757209,-71.688538,169,America/New_York,,,,open,,3000,,,High,,,,,,,,47.06,,,3690,,,0,,,
merritt-field,Merritt Field,,Claremont,CA,US,34.0966764,-117.7197785,361,America/Los_Angeles,,,,open,,4000,,,Low,,,,,,,,62.76,,,6103,,,0,,,
baker-stadium,Baker Stadium,,Tacoma,WA,US,47.2495798,-122.4398746,38,America/Los_Angeles,,,,open,,3500,,,High,,,,,,,,52.22,,,6104,,,0,,,
day-field,Day Field,,Ashland,VA,US,37.7594012,-77.4806603,68,America/New_York,,,,open,,5000,,,High,,,,,,,,59.35,,,6105,,,0,,,
ted-runner-stadium,Ted Runner Stadium,,Redlands,CA,US,34.0550328,-117.1827445,416,America/Los_Angeles,,,,open,,6750,,,Low,,,,,,,,64.02,,,6106,,,0,,,
ecav-stadium,ECAV Stadium,,Troy,NY,US,42.7284117,-73.6917878,17,America/New_York,,,,open,,5200,,,High,,,,,,,,51.31,,,6107,,,0,,,
crain-field,Crain Field,,Memphis,TN,US,35.1335022,-89.9668758,90,America/Chicago,,,,open,,4000,,,Mid,,,,,,,,62.82,,,6108,,,0,,,
ingalls-field,Ingalls Field,,Ripon,WI,US,43.8424502,-88.8372972,285,America/Chicago,,,,open,,3500,,,Mid,,,,,,,,47.87,,,6109,,,0,,,
edwin-fauver-stadium,Edwin Fauver Stadium,,Rochester,NY,US,43.157285,-77.615214,155,America/New_York,,,,open,,5111,,,High,,,,,,,,50.21,,,3717,,,0,,,
sam-greeley-field,Sam Greeley Field,,Rockford,IL,US,42.2713945,-89.093966,224,America/Chicago,,,,open,,1000,,,Mid,,,,,,,,50.7,,,6110,,,0,,,
cook-stadium,Cook Stadium,,Terre Haute,IN,US,39.4667025,-87.4139119,150,America/Indiana/Indianapolis,,,,open,,2500,,,Mid,,,,,,,,55.54,,,6111,,,0,,,
richard-wackar-stadium,Richard Wackar Stadium,,Glassboro,NJ,US,39.7027677,-75.1119434,44,America/New_York,,,,open,,5000,,,High,,,,,,,,56.78,,,6112,,,0,,,
stadium-red-field,Stadium Red Field,,Cortland,NY,US,41.2446453,-73.9259559,29,America/New_York,,,,open,,6500,,,High,,,,,,,,53.83,,,5125,,,0,,,
reinhart-field,Reinhart Field,,Bronx,NY,US,40.807528,-73.797744,7,America/New_York,,,,open,turf,3500,2012,,High,,,,,,,,55,,,3889,,,0,,,
sea-gull-stadium,Sea Gull Stadium,,Salisbury,MD,US,38.366027,-75.6009964,12,America/New_York,,,,open,,5000,,,High,,,,,,,,58.95,,,6114,,,0,,,
toppa-field,Toppa Field,,Newport,RI,US,41.4899827,-71.3137707,8,America/New_York,,,,open,,2500,,,High,,,,,,,,53.4,,,6115,,,0,,,
hardee-mcgee-field,Hardee-McGee Field,,Sewanee,TN,US,35.200644,-85.91952369,593,America/Chicago,,,,open,,3000,,,Mid,,,,,,,,57.35,,,3823,,,0,,,
shentel-stadium,Shentel Stadium,,Winchester,VA,US,39.1852184,-78.1652404,220,America/New_York,,,,open,,3000,,,High,,,,,,,,55.87,,,6116,,,0,,,
bill-buxton-stadium,Bill Buxton Stadium,,Indianola,IA,US,41.3604966,-93.5613292,299,America/Chicago,,,,open,,5000,,,Mid,,,,,,,,52.22,,,3635,,,0,,,
knight-stadium,Knight Stadium,,Buena Vista,VA,US,37.7342962,-79.3539292,255,America/New_York,,,,open,,1000,,,High,,,,,,,,57.03,,,6117,,,0,,,
birkelbach-field,Birkelbach Field,,Georgetown,TX,US,30.6326942,-97.6772311,232,America/Chicago,,,,open,,12442,,,Low,,,,,,,,69.12,,,6118,,,0,,,
stagg-field,Stagg Field,,Springfield,MA,US,42.1018764,-72.5886727,30,America/New_York,,,,open,,3867,,,High,,,,,,,,52.18,,,6119,,,0,,,
leckonby-stadium,Leckonby Stadium,,Canton,NY,US,44.5956163,-75.1690942,117,America/New_York,,,,open,,1500,,,High,,,,,,,,47.36,,,6113,,,0,,,
growney-stadium,Growney Stadium,,Rochester,NY,US,43.157285,-77.615214,155,America/New_York,,,,open,,2500,,,High,,,,,,,,50.21,,,6120,,,0,,,
clemens-stadium,Clemens Stadium,,Collegeville,MN,US,45.5944117,-94.3622868,338,America/Chicago,,,,open,,7482,,,Mid,,,,,,,,45.63,,,5117,,,0,,,
donald-j-schneider-stadium,Donald J. Schneider Stadium,,De Pere,WI,US,44.4493584,-88.0599986,187,America/Chicago,,,,open,,2454,,,Mid,,,,,,,,48.06,,,6121,,,0,,,
klein-field-at-manitou,Klein Field at Manitou,,Northfield,MN,US,44.4582041,-93.161159,276,America/Chicago,,,,open,,3500,,,Mid,,,,,,,,47.5,,,5813,,,0,,,
public-schools-stadium,Public Schools Stadium,,Duluth,MN,US,46.7729322,-92.1251218,301,America/Chicago,,,,open,,4500,,,Mid,,,,,,,,42.7,,,6122,,,0,,,
chuck-noll-field,Chuck Noll Field,,Latrobe,PA,US,40.317287,-79.3840301,311,America/New_York,,,,open,,1050,,,High,,,,,,,,52.95,,,3677,,,0,,,
mustang-stadium,Mustang Stadium,,Stevenson,MD,US,39.4102772,-76.7128314,154,America/New_York,,,,open,,3500,2012,,High,,,,,,,,56.07,,,3851,,,0,,,
amos-alonzo-stagg-field-pa,Amos Alonzo Stagg Field (PA),,Selinsgrove,PA,US,40.8062437,-76.8607084,137,America/New_York,,,,open,,3500,,,High,,,,,,,,53.83,,,6124,,,0,,,
bulldog-stadium-tx,Bulldog Stadium (TX),,Seguin,TX,US,29.5688411,-97.9647269,165,America/Chicago,,,,open,,1500,,,Low,,,,,,,,70.5,,,6125,,,0,,,
alumni-stadium-pa,Alumni Stadium (PA),,Greenville,PA,US,31.8295972,-86.6177517,136,America/Chicago,,,,open,,1400,,,Low,,,,,,,,66.3,,,6128,,,0,,,
fred-zollner-athletic-stadium,Fred Zollner Athletic Stadium,,Angola,IN,US,41.634874,-84.99928,327,America/Indiana/Indianapolis,,,,open,,5000,,,High,,,,,,,,50.48,,,6130,,,0,,,
jessee-miller-field,Jessee/Miller Field,,Hartford,CT,US,41.764582,-72.6908547,20,America/New_York,,,,open,,5500,,,High,,,,,,,,52.8,,,6131,,,0,,,
trinity-university-stadium,Trinity University Stadium,,San Antonio,TX,US,29.4246002,-98.4951405,201,America/Chicago,,,,open,,3500,,,Low,,,,,,,,71.07,,,6132,,,0,,,
ellis-oval-at-zimman-field,Ellis Oval at Zimman Field,,Medford,MA,US,42.4184296,-71.1061639,8,America/New_York,,,,open,,1000,,,High,,,,,,,,52.1,,,6133,,,0,,,
cressy-field,Cressy Field,,Dartmouth,MA,US,41.6332267,-70.9879928,30,America/New_York,,,,open,,1850,,,High,,,,,,,,52.89,,,5939,,,0,,,
jj-keller-field-at-titan-stadium,J.J. Keller Field at Titan Stadium,,Oshkosh,WI,US,44.0206919,-88.5408574,235,America/Chicago,,,,open,,9800,,,Mid,,,,,,,,48.28,,,5120,,,0,,,
david-smith-stadium-at-ramer-field,David Smith Stadium at Ramer Field,,River Falls,WI,US,44.8595111,-92.6265897,270,America/Chicago,,,,open,,2300,,,Mid,,,,,,,,46.94,,,5901,,,0,,,
don-and-nona-williams-stadium,Don and Nona Williams Stadium,,Menomonie,WI,US,44.8755183,-91.9193422,269,America/Chicago,,,,open,,4500,,,Mid,,,,,,,,46.39,,,5900,,,0,,,
perkins-stadium,Perkins Stadium,,Whitewater,WI,US,42.8336422,-88.7292679,249,America/Chicago,,,,open,,13500,,,Mid,,,,,,,,49.6,,,4854,,,0,,,
frank-bailey-field,Frank Bailey Field,,Schenectady,NY,US,42.8142432,-73.9395687,75,America/New_York,,,,open,,1600,,,High,,,,,,,,50.16,,,6134,,,0,,,
blue-storm-stadium,Blue Storm Stadium,,Portland,ME,US,43.6610277,-70.2548596,17,America/New_York,,,,open,,1600,,,High,,,,,,,,49.17,,,6135,,,0,,,
patterson-field,Patterson Field,,Collegeville,PA,US,40.1856597,-75.451571,46,America/New_York,,,,open,,2500,,,High,,,,,,,,55.33,,,6136,,,0,,,
charles-a-gaetano-stadium,Charles A. Gaetano Stadium,,Utica,NY,US,43.1009031,-75.2326641,138,America/New_York,,,,open,,1200,,,High,,,,,,,,48.88,,,3675,,,0,,,
little-giant-stadium,Little Giant Stadium,,Crawfordsville,IN,US,40.0401991,-86.8990249,235,America/Indiana/Indianapolis,,,,open,,3500,,,Mid,,,,,,,,53.85,,,5123,,,0,,,
walston-hoover-stadium,Walston-Hoover Stadium,,Waverly,IA,US,42.7258451,-92.4746033,280,America/Chicago,,,,open,,4000,,,Mid,,,,,,,,49.6,,,6137,,,0,,,
cameron-stadium,Cameron Stadium,,Washington,PA,US,31.3991238,-88.2019828,49,America/Chicago,,,,open,,3500,,,Low,,,,,,,,67.43,,,6139,,,0,,,
wilson-field,Wilson Field,,Lexington,VA,US,37.7840208,-79.4428157,324,America/New_York,,,,open,,4000,,,High,,,,,,,,56.08,,,6138,,,0,,,
francis-field-mo,Francis Field (MO),,Saint Louis,MO,US,38.6264256,-90.1995853,148,America/Chicago,,,,open,,4000,,,Mid,,,,,,,,57.04,,,5897,,,0,,,
john-f-wiley-stadium,John F. Wiley Stadium,,Waynesburg,PA,US,39.8964641,-80.1792299,295,America/New_York,,,,open,,4000,,,High,,,,,,,,53.85,,,6140,,,0,,,
corwin-stadium,Corwin Stadium,,Middletown,CT,US,41.5623178,-72.6509061,21,America/New_York,,,,open,,3000,,,High,,,,,,,,53.09,,,6141,,,0,,,
westside-athletic-complex,Westside Athletic Complex,,Danbury,CT,US,41.394817,-73.4540111,126,America/New_York,,,,open,,2500,,,High,,,,,,,,52.54,,,6142,,,0,,,
golden-bear-stadium,Golden Bear Stadium,,Springfield,MA,US,42.1018764,-72.5886727,30,America/New_York,,,,open,,1500,,,High,,,,,,,,52.18,,,6143,,,0,,,
alumni-field-westfield-ma,"Alumni Field (Westfield, MA)",,Westfield,MA,US,42.1390327,-72.7584859,75,America/New_York,,,,open,,4000,,,High,,,,,,,,51.97,,,6144,,,0,,,
blue-jay-stadium,Blue Jay Stadium,,Fulton,MO,US,38.8467082,-91.9479586,240,America/Chicago,,,,open,,2000,,,Mid,,,,,,,,56.22,,,6145,,,0,,,
memorial-field-pa,Memorial Field (PA),,New Wilmington,PA,US,41.1222812,-80.3328428,323,America/New_York,,,,open,,4500,,,High,,,,,,,,51.44,,,6146,,,0,,,
mccully-stadium,McCully Stadium,,Wheaton,IL,US,41.8646959,-88.1101709,230,America/Chicago,,,,open,,4100,,,Mid,,,,,,,,50.99,,,5115,,,0,,,
memorial-stadium-whittier-ca,"Memorial Stadium (Whittier, CA)",,Whittier,CA,US,33.9708782,-118.0308396,92,America/Los_Angeles,,,,open,,7000,,,Low,,,,,,,,64.12,,,6147,,,0,,,
the-pine-bowl,The Pine Bowl,,Spokane,WA,US,47.6571934,-117.4235106,578,America/Los_Angeles,,,,open,,2200,,,High,,,,,,,,50.32,,,6148,,,0,,,
leslie-c-quick-jr-stadium,Leslie C. Quick Jr. Stadium,,Chester,PA,US,39.849557,-75.3557458,6,America/New_York,,,,open,,4000,,,High,,,,,,,,56.69,,,4855,,,0,,,
schmidt-stadium,Schmidt Stadium,,Edwardsville,PA,US,33.707182,-85.51021469,298,America/Chicago,,,,open,,1800,,,Low,,,,,,,,62.09,,,3920,,,0,,,
mcculloch-stadium,McCulloch Stadium,,Salem,OR,US,44.9391565,-123.033121,48,America/Los_Angeles,,,,open,,7000,,,High,,,,,,,,53.45,,,6149,,,0,,,
wightman-stadium,Wightman Stadium,,Wayne,NJ,US,40.9491723,-74.2376802,97,America/New_York,,,,open,,1909,,,High,,,,,,,,53.54,,,6150,,,0,,,
farley-lamb-field,Farley-Lamb Field,,Williamstown,MA,US,42.6889156,-73.2246057,298,America/New_York,,,,open,,1400,,,High,,,,,,,,48.02,,,6151,,,0,,,
wiliams-stadium-oh,Wiliams Stadium (OH),,Wilmington,OH,US,39.4453393,-83.8285375,314,America/New_York,,,,open,,3500,,,High,,,,,,,,54.15,,,6152,,,0,,,
warrior-field-at-raabe-stadium,Warrior Field at Raabe Stadium,,Wauwatosa,WI,US,43.0494122,-88.0079271,206,America/Chicago,,,,open,,1700,,,Mid,,,,,,,,49.47,,,5913,,,0,,,
carson-park,Carson Park,,Eau Claire,WI,US,44.811349,-91.4984941,247,America/Chicago,,,,open,,6500,,,Mid,,,,,,,,46.83,,,5916,,,0,,,
veterans-memorial-stadium-wi,Veterans Memorial Stadium (WI),,La Crosse,WI,US,43.8122836,-91.2514355,206,America/Chicago,,,,open,,10000,,,Mid,,,,,,,,49,,,5914,,,0,,,
ralph-e-davis-pioneer-stadium,Ralph E. Davis Pioneer Stadium,,Platteville,WI,US,42.7342942,-90.4784451,306,America/Chicago,,,,open,,10000,,,Mid,,,,,,,,49.32,,,5911,,,0,,,
community-stadium-at-goerke-park,Community Stadium at Goerke Park,,Stevens Point,WI,US,44.5229223,-89.574111,332,America/Chicago,,,,open,,4000,,,Mid,,,,,,,,46.39,,,5903,,,0,,,
edwards-maurer-field,Edwards-Maurer Field,,Springfield,OH,US,39.937943,-83.812075,309.1,America/New_York,,,,open,turf,3000,1993,,High,,,,,,,,53.31,,,4757,,,0,,,
john-p-papp-stadium,John P. Papp Stadium,,Wooster,OH,US,40.7980976,-81.9397733,279,America/New_York,,,,open,,4500,,,High,,,,,,,,52.88,,,6127,,,0,,,
alumni-stadium-worcester-ma,"Alumni Stadium (Worcester, MA)",,Worcester,MA,US,42.2625621,-71.8018877,153,America/New_York,,,,open,,2000,,,High,,,,,,,,51.12,,,5899,,,0,,,
john-coughlin-memorial-field,John Coughlin Memorial Field,,Worcester,MA,US,42.2625621,-71.8018877,153,America/New_York,,,,open,,2000,,,High,,,,,,,,51.12,,,5898,,,0,,,
